node1,node2,network
0,3,0
0,4,0
0,5,0
0,6,0
0,7,0
0,9,0
0,12,0
0,13,0
0,15,0
0,16,0
0,17,0
0,18,0
0,22,0
0,23,0
0,24,0
0,27,0
0,47,0
0,57,0
0,92,0
0,93,0
0,94,0
0,139,0
0,156,0
0,273,0
0,281,0
0,303,0
0,318,0
0,322,0
0,327,0
0,337,0
0,340,0
0,354,0
0,365,0
0,372,0
0,374,0
0,375,0
0,443,0
0,487,0
0,493,0
1,3,0
1,19,0
1,45,0
1,56,0
1,61,0
1,109,0
1,171,0
1,188,0
1,208,0
1,295,0
2,3,0
2,4,0
2,5,0
2,6,0
2,7,0
2,8,0
2,10,0
2,12,0
2,14,0
2,15,0
2,17,0
2,19,0
2,20,0
2,25,0
2,28,0
2,31,0
2,37,0
2,38,0
2,49,0
2,51,0
2,81,0
2,101,0
2,125,0
2,132,0
2,183,0
2,191,0
2,196,0
2,221,0
2,223,0
2,231,0
2,233,0
2,283,0
2,308,0
2,311,0
2,328,0
2,378,0
2,388,0
2,412,0
2,429,0
2,439,0
2,448,0
2,480,0
2,483,0
3,4,0
3,5,0
3,6,0
3,7,0
3,8,0
3,12,0
3,13,0
3,14,0
3,15,0
3,18,0
3,20,0
3,25,0
3,32,0
3,33,0
3,35,0
3,39,0
3,42,0
3,44,0
3,48,0
3,62,0
3,63,0
3,65,0
3,66,0
3,71,0
3,72,0
3,77,0
3,91,0
3,109,0
3,130,0
3,141,0
3,144,0
3,154,0
3,164,0
3,186,0
3,187,0
3,190,0
3,197,0
3,203,0
3,205,0
3,207,0
3,209,0
3,217,0
3,224,0
3,240,0
3,248,0
3,257,0
3,278,0
3,285,0
3,300,0
3,320,0
3,321,0
3,323,0
3,326,0
3,327,0
3,332,0
3,346,0
3,353,0
3,355,0
3,360,0
3,361,0
3,365,0
3,368,0
3,387,0
3,394,0
3,403,0
3,416,0
3,424,0
3,425,0
3,452,0
3,465,0
3,469,0
3,484,0
3,499,0
4,18,0
4,83,0
4,150,0
4,181,0
4,272,0
5,19,0
5,26,0
5,31,0
5,32,0
5,86,0
5,176,0
5,194,0
5,210,0
5,233,0
5,363,0
5,398,0
5,410,0
6,8,0
6,9,0
6,11,0
6,23,0
6,27,0
6,28,0
6,36,0
6,37,0
6,44,0
6,60,0
6,65,0
6,99,0
6,100,0
6,105,0
6,114,0
6,115,0
6,117,0
6,118,0
6,121,0
6,122,0
6,123,0
6,125,0
6,162,0
6,179,0
6,219,0
6,273,0
6,297,0
6,298,0
6,304,0
6,317,0
6,336,0
6,364,0
6,371,0
6,373,0
6,375,0
6,398,0
6,439,0
6,448,0
6,450,0
6,456,0
6,474,0
7,10,0
7,11,0
7,14,0
7,22,0
7,26,0
7,34,0
7,39,0
7,50,0
7,53,0
7,69,0
7,74,0
7,78,0
7,82,0
7,88,0
7,89,0
7,95,0
7,115,0
7,118,0
7,129,0
7,130,0
7,144,0
7,145,0
7,148,0
7,158,0
7,159,0
7,161,0
7,170,0
7,187,0
7,211,0
7,226,0
7,247,0
7,259,0
7,295,0
7,316,0
7,339,0
7,341,0
7,344,0
7,360,0
7,392,0
7,441,0
7,445,0
7,470,0
7,498,0
8,9,0
8,11,0
8,20,0
8,29,0
8,30,0
8,33,0
8,41,0
8,48,0
8,49,0
8,56,0
8,60,0
8,69,0
8,75,0
8,104,0
8,169,0
8,208,0
8,217,0
8,221,0
8,235,0
8,252,0
8,280,0
8,314,0
8,333,0
8,340,0
8,348,0
8,362,0
8,371,0
8,409,0
8,418,0
8,443,0
8,449,0
8,464,0
9,10,0
9,31,0
9,76,0
9,102,0
9,108,0
9,126,0
9,155,0
9,158,0
9,243,0
9,254,0
9,265,0
9,460,0
10,13,0
10,23,0
10,24,0
10,32,0
10,35,0
10,66,0
10,71,0
10,95,0
10,96,0
10,104,0
10,111,0
10,113,0
10,127,0
10,138,0
10,140,0
10,141,0
10,151,0
10,152,0
10,181,0
10,191,0
10,201,0
10,213,0
10,253,0
10,264,0
10,275,0
10,292,0
10,302,0
10,334,0
10,352,0
10,359,0
10,363,0
10,375,0
10,380,0
10,409,0
10,450,0
10,458,0
10,478,0
11,16,0
11,21,0
11,47,0
11,50,0
11,64,0
11,113,0
11,146,0
11,159,0
11,316,0
11,320,0
11,413,0
11,493,0
12,26,0
12,27,0
12,33,0
12,68,0
12,70,0
12,93,0
12,116,0
12,151,0
12,153,0
12,161,0
12,195,0
12,206,0
12,213,0
12,244,0
12,295,0
12,370,0
12,415,0
13,124,0
14,17,0
14,34,0
14,46,0
14,53,0
14,58,0
14,66,0
14,77,0
14,82,0
14,83,0
14,88,0
14,90,0
14,100,0
14,102,0
14,130,0
14,155,0
14,166,0
14,174,0
14,192,0
14,222,0
14,223,0
14,238,0
14,243,0
14,293,0
14,294,0
14,304,0
14,306,0
14,314,0
14,371,0
14,431,0
14,457,0
14,470,0
14,479,0
14,497,0
15,16,0
15,21,0
15,34,0
15,43,0
15,52,0
15,89,0
15,95,0
15,139,0
15,149,0
15,163,0
15,207,0
15,266,0
15,334,0
15,455,0
15,468,0
15,478,0
16,22,0
16,29,0
16,30,0
16,57,0
16,84,0
16,135,0
16,202,0
16,215,0
16,224,0
16,325,0
16,387,0
16,389,0
16,438,0
16,490,0
17,84,0
17,177,0
17,250,0
17,313,0
18,49,0
18,63,0
18,75,0
18,100,0
18,108,0
18,133,0
18,189,0
18,400,0
19,21,0
19,25,0
19,38,0
19,40,0
19,46,0
19,53,0
19,71,0
19,73,0
19,123,0
19,141,0
19,148,0
19,165,0
19,167,0
19,176,0
19,209,0
19,212,0
19,297,0
19,316,0
19,336,0
19,365,0
19,373,0
19,428,0
19,449,0
20,38,0
20,40,0
20,304,0
20,321,0
21,79,0
21,93,0
21,97,0
21,99,0
21,160,0
21,182,0
21,249,0
21,280,0
21,383,0
21,398,0
21,426,0
22,37,0
22,41,0
22,50,0
22,59,0
22,61,0
22,68,0
22,115,0
22,123,0
22,131,0
22,137,0
22,197,0
22,202,0
22,259,0
22,260,0
22,305,0
22,329,0
22,412,0
22,419,0
23,24,0
23,29,0
23,39,0
23,47,0
23,52,0
23,55,0
23,59,0
23,76,0
23,98,0
23,134,0
23,187,0
23,227,0
23,242,0
23,250,0
23,260,0
23,344,0
23,437,0
23,459,0
24,42,0
24,54,0
24,63,0
24,73,0
24,79,0
24,107,0
24,111,0
24,129,0
24,149,0
24,193,0
24,230,0
24,259,0
24,277,0
24,288,0
24,322,0
24,433,0
24,491,0
25,57,0
25,232,0
26,28,0
26,327,0
26,338,0
26,388,0
27,45,0
27,122,0
27,157,0
27,210,0
27,431,0
27,481,0
28,92,0
28,203,0
28,261,0
28,469,0
29,30,0
29,76,0
29,200,0
29,274,0
29,355,0
29,421,0
29,429,0
29,496,0
30,36,0
30,43,0
30,103,0
30,138,0
30,186,0
30,198,0
30,249,0
30,265,0
31,45,0
31,84,0
31,318,0
31,396,0
32,36,0
32,44,0
32,64,0
32,68,0
32,127,0
32,157,0
32,160,0
32,189,0
32,190,0
32,196,0
32,258,0
32,299,0
32,302,0
32,307,0
32,347,0
32,351,0
32,370,0
32,373,0
32,436,0
32,499,0
33,67,0
33,331,0
33,416,0
33,437,0
33,487,0
33,495,0
34,35,0
34,40,0
34,61,0
34,73,0
34,97,0
34,116,0
34,204,0
34,216,0
34,231,0
34,248,0
34,252,0
34,329,0
34,417,0
34,452,0
34,491,0
36,54,0
36,55,0
36,62,0
36,77,0
36,78,0
36,171,0
36,269,0
37,46,0
37,54,0
37,80,0
37,85,0
37,94,0
37,97,0
37,135,0
37,151,0
37,172,0
37,179,0
37,180,0
37,204,0
37,230,0
37,276,0
37,438,0
37,448,0
38,43,0
38,56,0
38,58,0
38,62,0
38,72,0
38,83,0
38,112,0
38,116,0
38,193,0
38,203,0
38,318,0
38,453,0
39,41,0
39,42,0
39,423,0
39,485,0
40,94,0
40,103,0
40,122,0
40,137,0
40,260,0
40,330,0
40,340,0
40,406,0
40,412,0
40,474,0
41,51,0
41,58,0
41,91,0
41,333,0
41,384,0
42,74,0
42,112,0
42,176,0
42,189,0
42,200,0
42,215,0
42,218,0
42,219,0
42,337,0
42,350,0
42,385,0
42,391,0
42,420,0
42,424,0
42,432,0
42,484,0
43,133,0
43,147,0
43,218,0
44,163,0
44,166,0
44,167,0
44,222,0
44,302,0
44,319,0
44,351,0
44,359,0
44,407,0
44,435,0
44,490,0
45,48,0
45,51,0
45,143,0
45,160,0
45,164,0
45,241,0
45,292,0
46,59,0
46,60,0
46,64,0
46,106,0
46,120,0
46,129,0
46,131,0
46,135,0
46,225,0
46,246,0
47,52,0
47,96,0
47,140,0
47,192,0
47,226,0
47,262,0
47,291,0
47,369,0
47,386,0
48,75,0
48,87,0
48,148,0
48,175,0
48,197,0
48,200,0
49,81,0
49,82,0
49,105,0
49,119,0
49,121,0
49,169,0
49,240,0
49,341,0
49,342,0
49,389,0
49,470,0
49,471,0
49,489,0
50,101,0
50,154,0
50,185,0
50,312,0
50,387,0
50,408,0
51,74,0
51,81,0
51,90,0
51,120,0
51,126,0
51,158,0
51,288,0
51,386,0
51,399,0
51,432,0
51,483,0
52,55,0
52,80,0
52,88,0
52,127,0
52,212,0
52,216,0
52,229,0
52,277,0
52,296,0
52,397,0
52,411,0
53,70,0
53,85,0
53,132,0
53,257,0
53,297,0
53,353,0
53,407,0
54,67,0
54,139,0
54,179,0
54,195,0
54,262,0
54,313,0
55,124,0
55,147,0
55,154,0
55,156,0
55,215,0
56,150,0
56,177,0
56,279,0
56,342,0
56,386,0
56,442,0
57,90,0
57,98,0
57,102,0
57,119,0
57,120,0
57,133,0
57,173,0
57,220,0
57,239,0
57,286,0
57,293,0
57,314,0
57,319,0
57,349,0
57,354,0
57,357,0
57,388,0
57,395,0
57,435,0
57,440,0
57,464,0
57,471,0
57,480,0
58,252,0
58,266,0
58,403,0
58,466,0
59,67,0
59,92,0
59,145,0
59,165,0
59,228,0
60,70,0
60,185,0
60,246,0
60,263,0
60,270,0
61,111,0
61,163,0
62,65,0
62,78,0
62,184,0
62,211,0
62,232,0
62,454,0
63,106,0
63,114,0
63,117,0
63,125,0
63,234,0
63,269,0
63,338,0
64,131,0
64,178,0
64,256,0
64,282,0
64,380,0
64,442,0
65,69,0
65,72,0
65,79,0
65,86,0
65,110,0
65,119,0
65,140,0
65,170,0
65,173,0
65,205,0
65,208,0
65,210,0
65,211,0
65,255,0
65,276,0
65,299,0
65,300,0
65,347,0
65,351,0
65,425,0
65,452,0
65,485,0
66,110,0
66,237,0
66,393,0
66,430,0
67,420,0
68,188,0
68,446,0
69,258,0
69,268,0
69,399,0
69,494,0
69,497,0
70,202,0
70,258,0
70,406,0
70,418,0
70,468,0
70,499,0
71,87,0
71,150,0
71,196,0
71,199,0
71,218,0
71,261,0
71,308,0
71,309,0
71,430,0
73,114,0
73,180,0
73,198,0
73,199,0
73,219,0
73,307,0
73,346,0
74,80,0
74,134,0
74,229,0
74,251,0
74,265,0
74,272,0
74,291,0
74,360,0
74,416,0
74,435,0
75,87,0
75,109,0
75,183,0
75,296,0
76,172,0
76,312,0
77,103,0
77,184,0
77,315,0
78,110,0
78,146,0
78,235,0
78,415,0
78,498,0
79,195,0
79,214,0
79,271,0
79,274,0
80,91,0
80,107,0
80,190,0
81,347,0
81,495,0
82,85,0
82,106,0
82,178,0
82,220,0
82,324,0
82,363,0
84,86,0
84,165,0
84,256,0
84,333,0
87,89,0
87,99,0
87,146,0
87,175,0
87,230,0
87,263,0
87,287,0
87,465,0
87,466,0
88,112,0
88,206,0
88,325,0
89,105,0
89,108,0
89,236,0
89,247,0
89,248,0
89,296,0
89,399,0
89,408,0
89,422,0
89,460,0
89,465,0
89,476,0
90,136,0
90,321,0
91,228,0
91,269,0
91,370,0
92,143,0
92,153,0
92,216,0
92,241,0
92,251,0
92,372,0
92,397,0
92,405,0
92,476,0
93,224,0
93,290,0
94,145,0
94,242,0
94,356,0
94,473,0
94,488,0
95,96,0
95,121,0
95,221,0
95,401,0
95,424,0
95,436,0
95,455,0
96,98,0
97,117,0
97,124,0
97,152,0
97,159,0
97,169,0
97,175,0
97,181,0
97,199,0
97,227,0
97,274,0
97,279,0
97,438,0
97,449,0
98,137,0
98,172,0
98,236,0
98,270,0
98,310,0
99,101,0
99,205,0
100,138,0
100,143,0
100,162,0
100,171,0
100,194,0
100,234,0
100,238,0
100,270,0
100,310,0
100,379,0
100,381,0
100,486,0
101,335,0
101,411,0
101,429,0
101,439,0
102,104,0
102,166,0
102,223,0
102,350,0
102,366,0
102,394,0
102,417,0
102,428,0
103,107,0
103,126,0
103,157,0
103,164,0
103,174,0
103,182,0
103,397,0
104,147,0
104,204,0
104,206,0
104,267,0
104,283,0
105,232,0
105,276,0
105,283,0
105,331,0
105,454,0
105,459,0
106,184,0
106,231,0
106,281,0
108,136,0
108,379,0
109,168,0
109,278,0
109,294,0
109,343,0
109,355,0
110,142,0
110,144,0
110,245,0
110,390,0
111,207,0
111,235,0
111,278,0
112,113,0
112,118,0
112,128,0
112,155,0
112,168,0
112,188,0
112,279,0
112,301,0
112,497,0
114,142,0
114,174,0
114,180,0
114,298,0
115,136,0
115,153,0
115,156,0
115,268,0
115,290,0
115,322,0
115,362,0
115,404,0
117,149,0
118,132,0
118,177,0
118,183,0
118,254,0
118,350,0
118,396,0
118,486,0
119,271,0
119,368,0
119,443,0
120,226,0
121,134,0
121,264,0
121,272,0
121,286,0
121,475,0
122,194,0
122,242,0
124,128,0
124,173,0
124,237,0
124,298,0
124,382,0
124,390,0
124,395,0
127,128,0
127,462,0
128,191,0
128,281,0
128,377,0
128,432,0
128,437,0
129,198,0
129,209,0
129,271,0
130,225,0
130,263,0
130,288,0
130,384,0
130,431,0
130,472,0
132,282,0
132,463,0
133,264,0
133,326,0
133,367,0
134,241,0
134,245,0
134,445,0
135,385,0
135,404,0
135,451,0
136,414,0
136,498,0
137,292,0
138,161,0
138,301,0
138,383,0
139,337,0
139,378,0
140,256,0
141,142,0
143,249,0
143,345,0
143,436,0
145,317,0
145,405,0
145,467,0
145,468,0
146,220,0
148,152,0
148,167,0
148,339,0
149,162,0
149,168,0
149,254,0
149,284,0
149,392,0
151,366,0
151,411,0
152,182,0
152,234,0
153,343,0
153,414,0
154,349,0
154,400,0
154,447,0
155,237,0
155,286,0
155,305,0
155,328,0
155,425,0
156,238,0
156,461,0
157,287,0
157,421,0
157,444,0
157,451,0
158,185,0
158,233,0
158,257,0
158,289,0
158,338,0
159,229,0
161,290,0
161,394,0
163,239,0
163,367,0
163,421,0
164,325,0
166,201,0
168,178,0
168,193,0
168,300,0
168,326,0
168,390,0
169,170,0
169,186,0
170,247,0
170,330,0
171,273,0
171,434,0
172,285,0
172,343,0
172,374,0
173,192,0
174,422,0
175,289,0
178,492,0
179,460,0
180,253,0
180,346,0
180,359,0
181,244,0
181,317,0
181,354,0
182,311,0
182,328,0
182,344,0
183,251,0
184,275,0
184,306,0
185,217,0
185,239,0
185,266,0
185,275,0
185,284,0
185,381,0
185,423,0
186,245,0
186,301,0
186,490,0
188,341,0
189,201,0
190,289,0
190,402,0
190,428,0
192,331,0
192,332,0
192,349,0
193,427,0
193,461,0
194,267,0
194,376,0
194,496,0
195,214,0
195,236,0
195,255,0
196,244,0
197,213,0
197,262,0
198,267,0
198,287,0
198,323,0
200,329,0
200,330,0
200,401,0
201,212,0
201,214,0
201,315,0
201,336,0
201,358,0
201,376,0
201,377,0
201,413,0
201,482,0
204,253,0
204,309,0
204,335,0
205,419,0
207,225,0
207,353,0
207,402,0
207,454,0
207,476,0
207,492,0
208,415,0
209,222,0
209,451,0
211,303,0
212,294,0
213,268,0
217,305,0
217,426,0
218,246,0
218,334,0
219,313,0
219,379,0
219,423,0
220,358,0
220,472,0
221,227,0
221,293,0
221,402,0
221,467,0
221,482,0
222,380,0
222,407,0
223,243,0
223,378,0
223,444,0
224,356,0
224,361,0
224,368,0
224,409,0
224,457,0
225,433,0
225,453,0
226,228,0
226,427,0
227,484,0
229,453,0
229,488,0
229,494,0
231,352,0
231,369,0
231,391,0
234,250,0
234,392,0
235,345,0
235,366,0
235,450,0
236,255,0
237,385,0
238,261,0
238,324,0
238,396,0
238,404,0
239,240,0
240,309,0
241,384,0
242,362,0
242,417,0
242,434,0
243,299,0
244,403,0
245,440,0
249,442,0
250,303,0
253,406,0
255,335,0
257,307,0
257,345,0
257,492,0
258,280,0
258,489,0
259,391,0
265,306,0
267,277,0
267,284,0
267,315,0
268,348,0
270,282,0
270,320,0
270,339,0
271,358,0
271,427,0
271,457,0
273,418,0
277,285,0
279,319,0
279,456,0
280,324,0
281,332,0
281,440,0
281,485,0
282,456,0
285,389,0
285,433,0
286,312,0
287,291,0
289,483,0
290,348,0
291,352,0
291,441,0
294,369,0
296,381,0
296,383,0
297,323,0
297,372,0
297,374,0
298,342,0
300,310,0
301,308,0
301,441,0
302,377,0
305,361,0
306,311,0
306,376,0
306,474,0
307,480,0
311,445,0
312,364,0
312,446,0
314,414,0
315,422,0
319,463,0
320,357,0
324,413,0
327,382,0
332,356,0
339,395,0
341,419,0
341,496,0
343,367,0
344,364,0
345,382,0
345,420,0
345,444,0
349,473,0
349,489,0
351,434,0
354,357,0
354,430,0
355,408,0
359,475,0
360,481,0
370,462,0
371,426,0
372,472,0
374,462,0
374,464,0
378,400,0
378,405,0
381,469,0
385,479,0
386,393,0
386,401,0
389,393,0
389,479,0
392,467,0
394,410,0
396,458,0
396,475,0
396,482,0
397,477,0
407,495,0
409,410,0
410,458,0
412,473,0
412,491,0
414,446,0
414,477,0
415,455,0
423,466,0
430,447,0
430,478,0
440,463,0
441,459,0
442,477,0
445,447,0
445,471,0
452,461,0
460,487,0
463,493,0
467,488,0
475,481,0
476,486,0
487,494,0
0,1,1
0,499,1
0,2,1
0,498,1
0,3,1
0,497,1
1,3,1
1,499,1
1,4,1
1,498,1
1,367,1
2,3,1
2,4,1
2,5,1
2,499,1
2,11,1
2,272,1
2,61,1
3,5,1
3,6,1
3,16,1
4,6,1
4,7,1
4,458,1
5,6,1
5,8,1
5,63,1
6,7,1
6,8,1
6,329,1
6,229,1
7,9,1
7,10,1
7,172,1
8,9,1
8,10,1
8,11,1
9,10,1
9,11,1
9,12,1
9,443,1
10,11,1
10,12,1
10,296,1
11,12,1
11,14,1
11,408,1
11,197,1
12,13,1
12,14,1
12,15,1
12,279,1
13,14,1
13,15,1
13,16,1
13,236,1
14,15,1
14,16,1
14,17,1
14,44,1
15,16,1
15,17,1
15,18,1
16,17,1
16,18,1
16,19,1
16,431,1
17,19,1
17,20,1
17,466,1
17,80,1
18,19,1
18,20,1
18,21,1
19,20,1
19,21,1
19,22,1
19,328,1
20,21,1
20,22,1
20,23,1
20,358,1
21,22,1
21,23,1
21,24,1
22,23,1
22,24,1
22,25,1
22,354,1
23,24,1
23,25,1
23,26,1
24,25,1
24,26,1
24,27,1
25,26,1
25,27,1
25,28,1
26,27,1
26,28,1
26,29,1
27,28,1
27,29,1
27,30,1
28,29,1
28,30,1
28,31,1
29,30,1
29,31,1
29,32,1
30,31,1
30,32,1
30,33,1
31,32,1
31,33,1
31,34,1
31,284,1
32,33,1
32,34,1
32,35,1
33,36,1
33,286,1
33,195,1
34,35,1
34,36,1
34,37,1
35,36,1
35,37,1
35,38,1
35,349,1
36,37,1
36,38,1
36,39,1
37,38,1
37,39,1
37,40,1
38,39,1
38,40,1
38,41,1
39,40,1
39,41,1
39,42,1
40,41,1
40,42,1
40,342,1
41,42,1
41,43,1
41,44,1
41,193,1
42,43,1
42,44,1
42,45,1
43,44,1
43,45,1
43,46,1
44,46,1
44,47,1
45,46,1
45,47,1
45,48,1
46,47,1
46,48,1
46,49,1
46,406,1
47,48,1
47,49,1
47,50,1
48,50,1
48,51,1
48,101,1
49,51,1
49,52,1
49,241,1
50,51,1
50,52,1
50,53,1
51,52,1
51,53,1
51,54,1
52,53,1
52,54,1
52,55,1
53,54,1
53,55,1
53,56,1
54,55,1
54,56,1
54,369,1
55,56,1
55,57,1
55,58,1
55,266,1
56,57,1
56,58,1
56,59,1
57,58,1
57,59,1
57,60,1
58,59,1
58,60,1
58,61,1
59,60,1
59,61,1
59,62,1
59,454,1
60,61,1
60,62,1
60,63,1
61,62,1
61,180,1
62,63,1
62,64,1
62,65,1
63,64,1
63,65,1
63,66,1
64,65,1
64,67,1
64,438,1
65,66,1
65,67,1
65,68,1
66,67,1
66,68,1
66,69,1
67,68,1
67,69,1
67,70,1
68,69,1
68,70,1
68,71,1
68,330,1
69,71,1
69,72,1
69,465,1
70,71,1
70,72,1
70,73,1
71,72,1
71,73,1
71,74,1
72,73,1
72,74,1
72,75,1
73,74,1
73,75,1
73,76,1
74,75,1
74,76,1
74,77,1
75,76,1
75,78,1
75,429,1
76,77,1
76,78,1
76,79,1
76,481,1
76,189,1
77,78,1
77,79,1
77,80,1
78,79,1
78,80,1
78,81,1
78,169,1
79,80,1
79,81,1
79,82,1
80,82,1
80,83,1
81,82,1
81,83,1
81,84,1
81,474,1
82,83,1
82,84,1
82,85,1
83,84,1
83,85,1
83,86,1
84,85,1
84,86,1
84,87,1
85,87,1
85,88,1
85,423,1
85,89,1
85,268,1
86,87,1
86,88,1
86,89,1
86,393,1
87,88,1
87,89,1
87,90,1
88,89,1
88,90,1
88,91,1
89,90,1
89,91,1
90,92,1
90,93,1
90,131,1
91,92,1
91,93,1
91,94,1
91,138,1
91,381,1
92,93,1
92,94,1
92,95,1
93,94,1
93,95,1
93,96,1
94,95,1
94,96,1
94,97,1
95,96,1
95,97,1
95,98,1
95,451,1
96,97,1
96,98,1
96,99,1
97,98,1
97,99,1
97,100,1
98,99,1
98,100,1
98,101,1
99,100,1
99,101,1
99,102,1
99,498,1
100,101,1
100,102,1
100,103,1
100,124,1
101,102,1
101,103,1
101,104,1
102,103,1
102,104,1
102,105,1
103,104,1
103,105,1
103,106,1
103,164,1
104,105,1
104,106,1
104,107,1
104,269,1
105,106,1
105,107,1
105,108,1
106,107,1
106,108,1
106,109,1
107,109,1
107,110,1
107,318,1
107,281,1
108,109,1
108,110,1
108,111,1
109,110,1
109,111,1
109,112,1
110,111,1
110,112,1
110,113,1
110,422,1
111,112,1
111,113,1
111,114,1
112,113,1
112,114,1
112,115,1
112,390,1
113,114,1
113,115,1
113,116,1
113,381,1
114,115,1
114,116,1
114,117,1
115,116,1
115,117,1
115,118,1
116,117,1
116,118,1
116,119,1
117,118,1
117,119,1
117,120,1
118,119,1
118,120,1
118,162,1
118,367,1
119,121,1
119,122,1
119,129,1
119,185,1
120,121,1
120,122,1
120,123,1
121,122,1
121,123,1
121,124,1
121,400,1
122,123,1
122,124,1
122,125,1
123,125,1
123,126,1
123,183,1
123,292,1
124,126,1
124,127,1
125,126,1
125,127,1
125,128,1
126,128,1
126,129,1
126,499,1
127,128,1
127,129,1
127,130,1
128,129,1
128,130,1
128,131,1
129,130,1
129,131,1
129,132,1
130,131,1
130,132,1
130,133,1
130,366,1
131,132,1
131,133,1
131,134,1
131,482,1
132,133,1
132,134,1
132,135,1
133,134,1
133,135,1
133,136,1
134,135,1
134,136,1
134,137,1
135,136,1
135,137,1
135,138,1
136,137,1
136,138,1
136,139,1
137,138,1
137,139,1
137,140,1
137,182,1
138,139,1
138,140,1
139,140,1
139,141,1
139,142,1
140,141,1
140,142,1
140,143,1
141,142,1
141,143,1
141,144,1
142,143,1
142,144,1
142,145,1
142,204,1
143,144,1
143,145,1
143,146,1
143,350,1
144,145,1
144,146,1
144,147,1
144,465,1
145,146,1
145,147,1
145,148,1
146,148,1
146,149,1
146,197,1
146,409,1
147,148,1
147,149,1
147,150,1
147,270,1
147,290,1
148,150,1
148,421,1
148,394,1
148,332,1
149,150,1
149,151,1
149,152,1
150,151,1
150,152,1
150,153,1
150,398,1
151,152,1
151,153,1
151,154,1
152,153,1
152,154,1
152,155,1
153,154,1
153,155,1
153,156,1
154,155,1
154,156,1
154,157,1
155,156,1
155,157,1
155,158,1
156,157,1
156,158,1
156,159,1
157,158,1
157,159,1
157,160,1
158,159,1
158,160,1
158,161,1
159,160,1
159,161,1
159,162,1
160,161,1
160,162,1
160,163,1
161,162,1
161,163,1
161,164,1
161,194,1
162,163,1
162,165,1
163,164,1
163,165,1
163,166,1
164,166,1
164,167,1
165,167,1
165,168,1
165,283,1
166,167,1
166,168,1
166,169,1
167,168,1
167,169,1
167,170,1
168,169,1
168,170,1
168,171,1
169,170,1
169,171,1
170,171,1
170,172,1
170,173,1
171,172,1
171,174,1
171,363,1
172,174,1
172,175,1
172,311,1
173,174,1
173,175,1
173,176,1
174,175,1
174,176,1
174,177,1
175,176,1
175,177,1
175,178,1
176,177,1
176,178,1
176,179,1
177,178,1
177,179,1
177,180,1
178,179,1
178,180,1
178,181,1
179,180,1
179,181,1
179,182,1
180,181,1
180,182,1
180,183,1
180,278,1
181,182,1
181,183,1
181,184,1
182,183,1
182,184,1
183,184,1
183,185,1
183,308,1
184,185,1
184,186,1
184,187,1
185,186,1
185,188,1
186,187,1
186,188,1
186,189,1
187,188,1
187,189,1
187,190,1
187,267,1
188,189,1
188,190,1
188,191,1
188,202,1
189,191,1
189,285,1
190,191,1
190,192,1
190,193,1
191,192,1
191,193,1
191,194,1
192,193,1
192,194,1
192,195,1
193,194,1
193,195,1
194,196,1
194,255,1
195,196,1
195,197,1
195,198,1
196,198,1
196,199,1
196,447,1
197,198,1
197,199,1
198,199,1
198,200,1
198,322,1
199,200,1
199,201,1
199,202,1
200,201,1
200,202,1
200,203,1
200,347,1
200,363,1
201,202,1
201,203,1
201,204,1
202,204,1
202,205,1
203,204,1
203,206,1
203,308,1
204,205,1
204,207,1
205,206,1
205,207,1
205,236,1
205,433,1
206,207,1
206,208,1
206,209,1
207,208,1
207,209,1
207,210,1
208,209,1
208,210,1
208,211,1
208,378,1
208,408,1
209,210,1
209,211,1
209,212,1
210,211,1
210,212,1
210,213,1
211,213,1
211,214,1
211,268,1
212,213,1
212,214,1
212,215,1
213,214,1
213,215,1
213,216,1
214,215,1
214,216,1
214,217,1
215,216,1
215,217,1
215,218,1
216,217,1
216,219,1
216,233,1
217,218,1
217,219,1
217,220,1
218,219,1
218,220,1
218,221,1
219,220,1
219,221,1
219,222,1
220,221,1
220,222,1
220,223,1
221,222,1
221,223,1
221,224,1
222,223,1
222,224,1
222,225,1
223,224,1
223,225,1
223,226,1
224,225,1
224,226,1
224,227,1
225,226,1
225,227,1
225,228,1
226,227,1
226,228,1
226,229,1
227,228,1
227,229,1
227,230,1
228,229,1
228,230,1
228,231,1
229,230,1
229,231,1
229,232,1
230,231,1
230,232,1
230,233,1
231,232,1
231,233,1
231,234,1
232,233,1
232,234,1
232,235,1
233,234,1
233,235,1
233,236,1
234,235,1
234,236,1
234,237,1
234,414,1
235,236,1
235,237,1
235,238,1
236,238,1
236,239,1
236,249,1
237,238,1
237,239,1
237,240,1
237,322,1
237,341,1
238,239,1
238,241,1
238,402,1
239,240,1
239,241,1
239,242,1
240,242,1
240,243,1
240,342,1
240,394,1
241,242,1
241,243,1
241,244,1
242,243,1
242,244,1
242,245,1
242,294,1
243,244,1
243,245,1
243,246,1
244,245,1
244,246,1
244,247,1
245,246,1
245,247,1
245,248,1
246,247,1
246,248,1
246,249,1
247,248,1
247,249,1
247,250,1
248,249,1
248,250,1
248,251,1
249,250,1
249,251,1
250,251,1
250,252,1
250,253,1
250,490,1
251,253,1
251,254,1
251,326,1
252,253,1
252,254,1
252,255,1
253,254,1
253,255,1
253,256,1
254,255,1
254,256,1
254,257,1
255,256,1
255,257,1
255,258,1
255,313,1
256,257,1
256,258,1
256,259,1
257,258,1
257,259,1
257,260,1
258,259,1
258,260,1
258,401,1
259,260,1
259,261,1
259,262,1
260,261,1
260,262,1
260,263,1
261,262,1
261,263,1
261,264,1
261,426,1
262,263,1
262,264,1
262,265,1
263,264,1
263,265,1
263,266,1
264,265,1
264,266,1
264,267,1
265,266,1
265,267,1
265,268,1
266,267,1
266,269,1
267,269,1
267,270,1
268,269,1
268,332,1
268,340,1
269,270,1
269,272,1
270,271,1
270,272,1
270,289,1
270,359,1
271,272,1
271,273,1
271,274,1
272,273,1
272,275,1
273,274,1
273,275,1
273,276,1
274,275,1
274,276,1
274,277,1
275,276,1
275,277,1
275,278,1
276,277,1
276,278,1
276,279,1
277,278,1
277,279,1
277,280,1
278,279,1
278,280,1
279,281,1
279,282,1
280,281,1
280,282,1
280,283,1
281,282,1
281,283,1
282,283,1
282,284,1
282,285,1
283,284,1
283,285,1
283,286,1
284,285,1
284,286,1
285,286,1
285,287,1
285,288,1
285,446,1
286,287,1
286,288,1
286,289,1
287,288,1
287,289,1
287,290,1
288,289,1
288,290,1
288,291,1
289,290,1
289,291,1
290,291,1
290,292,1
291,292,1
291,293,1
291,294,1
292,293,1
292,294,1
293,294,1
293,295,1
293,296,1
293,410,1
294,296,1
294,297,1
295,296,1
295,297,1
295,298,1
296,297,1
296,298,1
296,299,1
297,298,1
297,299,1
297,300,1
298,299,1
298,300,1
298,301,1
299,300,1
299,301,1
299,302,1
300,301,1
300,302,1
300,303,1
301,302,1
301,304,1
301,428,1
302,303,1
302,304,1
302,305,1
303,305,1
303,374,1
303,495,1
304,305,1
304,306,1
304,307,1
305,306,1
305,307,1
305,308,1
306,307,1
306,308,1
306,309,1
307,308,1
307,309,1
307,310,1
308,309,1
308,310,1
308,421,1
309,310,1
309,311,1
309,312,1
310,311,1
310,312,1
310,394,1
311,312,1
311,313,1
311,314,1
311,327,1
312,313,1
312,314,1
312,315,1
313,314,1
313,316,1
314,316,1
314,317,1
314,441,1
314,323,1
315,316,1
315,317,1
315,318,1
316,317,1
316,318,1
316,319,1
317,318,1
317,319,1
317,320,1
318,319,1
318,320,1
318,321,1
319,320,1
319,321,1
319,322,1
320,321,1
320,322,1
320,323,1
321,322,1
321,323,1
321,324,1
322,323,1
322,325,1
323,324,1
323,326,1
324,325,1
324,326,1
324,327,1
325,326,1
325,327,1
325,328,1
326,327,1
326,367,1
326,474,1
327,328,1
327,330,1
328,330,1
328,331,1
329,330,1
329,332,1
330,331,1
330,332,1
331,332,1
331,333,1
331,334,1
332,333,1
332,334,1
333,334,1
333,335,1
333,336,1
333,405,1
334,335,1
334,336,1
334,337,1
335,336,1
335,337,1
335,338,1
336,337,1
336,338,1
336,339,1
337,338,1
337,339,1
337,340,1
337,383,1
338,339,1
338,340,1
338,341,1
338,422,1
339,340,1
339,341,1
339,342,1
340,341,1
340,343,1
341,342,1
341,344,1
342,343,1
342,344,1
342,345,1
342,380,1
343,344,1
343,345,1
343,346,1
344,345,1
344,346,1
344,347,1
345,346,1
345,347,1
345,348,1
346,347,1
346,348,1
346,349,1
347,348,1
347,350,1
348,349,1
348,350,1
348,351,1
349,351,1
349,352,1
350,351,1
350,352,1
351,352,1
351,353,1
351,354,1
352,353,1
352,354,1
352,355,1
353,354,1
353,355,1
353,356,1
353,400,1
354,355,1
354,357,1
354,416,1
355,356,1
355,357,1
355,358,1
356,357,1
356,358,1
356,359,1
357,358,1
357,359,1
357,360,1
358,360,1
358,361,1
359,360,1
359,361,1
360,361,1
360,363,1
360,466,1
361,362,1
361,363,1
361,364,1
362,363,1
362,364,1
362,365,1
363,364,1
363,365,1
364,365,1
364,366,1
364,367,1
365,366,1
365,367,1
365,368,1
366,367,1
366,369,1
367,368,1
367,369,1
367,370,1
368,369,1
368,370,1
368,371,1
369,370,1
369,371,1
369,372,1
370,371,1
370,372,1
370,373,1
371,372,1
371,373,1
371,374,1
371,389,1
372,373,1
372,374,1
372,375,1
373,374,1
373,375,1
373,376,1
374,375,1
374,376,1
374,377,1
375,376,1
375,377,1
375,378,1
376,378,1
376,379,1
376,475,1
377,378,1
377,379,1
377,380,1
378,380,1
378,381,1
379,380,1
379,381,1
379,382,1
380,381,1
380,383,1
381,383,1
382,383,1
382,384,1
382,400,1
383,385,1
383,386,1
384,385,1
384,386,1
384,387,1
385,386,1
385,387,1
385,388,1
385,448,1
386,387,1
386,388,1
386,389,1
387,388,1
387,389,1
387,390,1
388,389,1
388,390,1
388,391,1
389,391,1
389,392,1
390,391,1
390,392,1
391,392,1
391,393,1
391,394,1
392,393,1
392,394,1
392,395,1
393,395,1
393,396,1
394,395,1
394,397,1
395,396,1
395,397,1
395,398,1
396,397,1
396,398,1
396,399,1
397,398,1
397,399,1
397,400,1
397,475,1
398,400,1
398,401,1
399,400,1
399,401,1
399,402,1
400,403,1
401,402,1
401,403,1
401,404,1
402,403,1
402,404,1
402,405,1
403,404,1
403,405,1
403,406,1
404,405,1
404,406,1
404,407,1
405,406,1
405,408,1
406,408,1
406,409,1
407,408,1
407,409,1
407,410,1
408,409,1
409,411,1
409,412,1
410,411,1
410,413,1
411,412,1
411,413,1
411,414,1
412,413,1
412,414,1
412,415,1
413,414,1
413,415,1
413,416,1
414,417,1
414,415,1
414,474,1
414,428,1
415,417,1
415,418,1
416,418,1
416,419,1
417,418,1
417,419,1
417,420,1
418,419,1
418,420,1
418,421,1
419,420,1
419,421,1
419,422,1
420,421,1
420,422,1
420,423,1
421,422,1
421,423,1
421,424,1
422,425,1
423,424,1
423,425,1
423,426,1
424,425,1
424,426,1
424,470,1
425,426,1
425,427,1
425,428,1
425,429,1
426,427,1
426,429,1
427,428,1
427,429,1
427,430,1
428,429,1
428,431,1
429,430,1
429,431,1
430,431,1
430,432,1
430,433,1
431,433,1
431,434,1
432,433,1
432,434,1
432,435,1
433,434,1
433,435,1
434,435,1
434,436,1
434,437,1
435,436,1
435,437,1
435,438,1
436,437,1
436,438,1
436,439,1
436,474,1
437,438,1
437,439,1
437,440,1
438,439,1
438,440,1
438,441,1
439,440,1
439,442,1
439,445,1
440,441,1
440,443,1
440,483,1
440,482,1
441,442,1
441,443,1
441,444,1
442,443,1
442,444,1
442,445,1
443,445,1
443,446,1
444,445,1
444,446,1
444,447,1
445,446,1
445,447,1
445,448,1
446,447,1
446,449,1
447,448,1
447,449,1
447,450,1
448,449,1
448,450,1
449,450,1
449,451,1
449,452,1
450,451,1
450,452,1
450,453,1
451,453,1
451,454,1
452,453,1
452,454,1
452,455,1
453,454,1
453,455,1
453,456,1
454,455,1
454,457,1
455,456,1
455,457,1
455,458,1
455,459,1
456,457,1
456,458,1
456,459,1
457,458,1
457,459,1
457,460,1
458,459,1
458,460,1
458,461,1
459,460,1
459,461,1
460,461,1
460,462,1
460,463,1
461,462,1
461,463,1
461,464,1
462,463,1
462,464,1
462,465,1
463,464,1
463,465,1
463,466,1
464,465,1
464,466,1
464,467,1
465,467,1
465,468,1
466,467,1
466,468,1
466,469,1
467,468,1
467,469,1
467,470,1
468,469,1
468,470,1
468,471,1
469,470,1
469,471,1
469,472,1
470,471,1
470,472,1
470,473,1
471,472,1
471,473,1
471,474,1
472,473,1
472,474,1
472,475,1
473,474,1
473,475,1
473,476,1
474,476,1
475,476,1
475,477,1
476,477,1
476,478,1
476,479,1
477,478,1
477,479,1
477,480,1
478,479,1
478,480,1
478,481,1
479,480,1
479,481,1
479,482,1
480,481,1
480,482,1
480,483,1
481,483,1
481,484,1
482,483,1
483,484,1
483,485,1
483,486,1
484,485,1
484,486,1
484,487,1
485,486,1
485,487,1
485,488,1
486,487,1
486,488,1
486,489,1
487,488,1
487,489,1
487,490,1
488,489,1
488,490,1
488,491,1
489,490,1
489,491,1
489,492,1
490,492,1
490,493,1
491,492,1
491,493,1
491,494,1
492,493,1
492,494,1
492,495,1
493,494,1
493,495,1
493,496,1
494,495,1
494,496,1
494,497,1
495,496,1
495,497,1
495,498,1
496,497,1
496,498,1
496,499,1
497,498,1
497,499,1
