city_name,city_id_name,value
哈尔滨,七台河,0.11502671328
海口,万宁,0.5269005126
三亚,万宁,0.14903793936
海口,三亚,0.39143984184
海口,三亚,0.18976957668
儋州,三亚,0.10077567048
万宁,三亚,0.14895209556
万宁,三亚,0.12263982552
东方,三亚,0.1108904094
东方,三亚,0.08972060256
厦门,三明,0.8957801145600001
福州,三明,0.9342374760000004
泉州,三明,0.6509203545600001
南平,三明,0.16997570064
漳州,三明,0.12930408432
龙岩,三明,0.17554895424
莆田,三明,0.10432720944
郑州,三门峡,0.46814279184
洛阳,三门峡,0.5366301840000001
西安,三门峡,0.1848649618799999
运城,三门峡,0.11977549056
苏州,上海,5.05885023072
杭州,上海,1.7697873416399998
嘉兴,上海,1.3790529385200003
南通,上海,1.7491275853200003
宁波,上海,0.86562908928
无锡,上海,0.99766946376
南京,上海,0.8687056215600001
北京,上海,0.45653423796
常州,上海,0.5267833315200001
合肥,上海,0.6013772229600001
金华,上海,0.38866687812
湖州,上海,0.9084532644
绍兴,上海,0.6218272314000001
盐城,上海,0.7090362961200001
泰州,上海,0.44242473132
深圳,上海,0.1658776158
温州,上海,0.31285994688
武汉,上海,0.18982881684
台州,上海,0.27497579652
舟山,上海,0.26899901388
成都,上海,0.15612950232
芜湖,上海,0.3705324976799999
扬州,上海,0.40849934904
南昌,上海,0.14959584792
镇江,上海,0.23387718708
广州,上海,0.1355801976
重庆,上海,0.16606505304
西安,上海,0.13834252116
郑州,上海,0.1374768806399999
长沙,上海,0.1291292442
徐州,上海,0.29194120764
青岛,上海,0.11290814208
阜阳,上海,0.2694952198799999
天津,上海,0.10676595744
宣城,上海,0.46846005264
六安,上海,0.27887389884
淮安,上海,0.31290401736
福州,上海,0.10252045584
滁州,上海,0.37599647904
淮南,上海,0.2234288350799999
蚌埠,上海,0.2101961242799999
济南,上海,0.09157589784
宿迁,上海,0.24950278692
马鞍山,上海,0.1383645564
上饶,上海,0.20145701808
临沂,上海,0.12387473532
安庆,上海,0.25620184332
亳州,上海,0.15743068308
九江,上海,0.1124560065599998
连云港,上海,0.14687759484
商丘,上海,0.14821740612
黄山,上海,0.12616288812
宿州,上海,0.209104416
信阳,上海,0.16546955076
周口,上海,0.1623984584399999
丽水,上海,0.09182400084
衢州,上海,0.09844035624
宁德,上海,0.1130955793199997
铜陵,上海,0.0888356095199999
南平,上海,0.0822192541199999
宜春,上海,0.08048797308
池州,上海,0.11577520188
抚州,上海,0.11270410956
菏泽,上海,0.11932046496
黄冈,上海,0.11404392084
海口,东方,0.22726803744
三亚,东方,0.11089582992
深圳,东莞,8.5345388208
广州,东莞,5.9279095144800005
惠州,东莞,4.61646019656
佛山,东莞,2.37718094328
中山,东莞,0.7689573777600001
珠海,东莞,0.3208074984
江门,东莞,0.70536528864
清远,东莞,0.71554821336
河源,东莞,0.5825145780000001
肇庆,东莞,0.5066467055999999
茂名,东莞,0.5328349322399999
湛江,东莞,0.2291795855999999
揭阳,东莞,0.30760411608
汕尾,东莞,0.19900755216
长沙,东莞,0.1137886250399997
梅州,东莞,0.4143007051199999
韶关,东莞,0.35139998016
赣州,东莞,0.65530925856
汕头,东莞,0.142279578
永州,东莞,0.2789643434399999
郴州,东莞,0.3093552712799999
衡阳,东莞,0.2511300736799999
南宁,东莞,0.1274474930399999
玉林,东莞,0.27600493392
云浮,东莞,0.3882175905600001
阳江,东莞,0.31808468016
邵阳,东莞,0.21544197264
泉州,东莞,0.08113000824
钦州,东莞,0.13172026896
吉安,东莞,0.2335224362399999
贵港,东莞,0.15191960184
桂林,东莞,0.09007831152
梧州,东莞,0.1183503700799999
株洲,东莞,0.104323788
常德,东莞,0.0915755349599999
岳阳,东莞,0.1149531717599999
宜春,东莞,0.0892377712799999
黄冈,东莞,0.09073499472
滨州,东营,0.52213748256
济南,东营,0.28743017184
潍坊,东营,0.35723592
淄博,东营,0.18758739456
青岛,东营,0.1349710128
烟台,东营,0.1097338752
德州,东营,0.13354803072
临沂,东营,0.10613926368
银川,中卫,0.6994153591200001
吴忠,中卫,0.2426091134399999
固原,中卫,0.21384231984
珠海,中山,1.76203321164
广州,中山,1.92531095748
佛山,中山,1.98900752688
东莞,中山,0.7692174914400001
江门,中山,1.1880341733599995
深圳,中山,0.6257720447999999
惠州,中山,0.2781351367199998
肇庆,中山,0.62729027964
湛江,中山,0.16310065716
清远,中山,0.3460908351599999
茂名,中山,0.2089217091599998
阳江,中山,0.33548222304
贵港,中山,0.39124290816
云浮,中山,0.43354766268
南宁,中山,0.08974753992
衡阳,中山,0.09573301872
梧州,中山,0.2633059159199999
玉林,中山,0.15079327092
赣州,中山,0.09502551936
贺州,中山,0.10363426092
太原,临汾,0.7445481573599999
运城,临汾,0.6222310390800001
北京,临汾,0.2001419992799999
晋中,临汾,0.21944768832
西安,临汾,0.12222351468
长治,临汾,0.12489246468
吕梁,临汾,0.12117929184
晋城,临汾,0.08630162496
青岛,临沂,1.2271148168400003
济南,临沂,0.8489155978800003
日照,临沂,0.7717663637999999
潍坊,临沂,0.4859409315599999
淄博,临沂,0.2895214104
济宁,临沂,0.4216261086
烟台,临沂,0.19905923016
北京,临沂,0.14628702708
枣庄,临沂,0.40884407856
泰安,临沂,0.27397574136
徐州,临沂,0.24192854496
连云港,临沂,0.25875680688
上海,临沂,0.1245802744799999
东营,临沂,0.1061417487599999
滨州,临沂,0.0832596440399999
菏泽,临沂,0.1369071234
昆明,临沧,0.14693739228
普洱,临沧,0.0820469574
保山,临沧,0.09704320992
沈阳,丹东,0.61599126888
大连,丹东,0.3979413165600001
本溪,丹东,0.11484673776
鞍山,丹东,0.11546845164
温州,丽水,1.0045145016000003
金华,丽水,0.65269738764
杭州,丽水,0.5043931333199999
宁波,丽水,0.21963690756
台州,丽水,0.2118836231999999
上海,丽水,0.0938115658799999
衢州,丽水,0.13224663288
绍兴,丽水,0.08474334696
昆明,丽江,0.2704079311199999
呼和浩特,乌兰察布,1.5023024834400005
包头,乌兰察布,0.35801473824
北京,乌兰察布,0.16034705568
大同,乌兰察布,0.17494761024
鄂尔多斯,乌兰察布,0.11038348224
张家口,乌兰察布,0.11881043064
鄂尔多斯,乌海,0.3015147369599998
巴彦淖尔,乌海,0.1911655079999998
成都,乐山,1.8967904427600004
眉山,乐山,0.5670062758800001
重庆,乐山,0.2039659218
宜宾,乐山,0.1372095838799999
自贡,乐山,0.1206532583999999
绵阳,乐山,0.0829130936399999
南昌,九江,1.6072503084
景德镇,九江,0.21574906956
武汉,九江,0.1538396711999999
杭州,九江,0.13843956888
温州,九江,0.1256584168799999
深圳,九江,0.1071912268799999
上海,九江,0.1144019537999999
黄冈,九江,0.2793886668000001
宜春,九江,0.2035837152
上饶,九江,0.213877908
长沙,九江,0.08290600776
赣州,九江,0.1482830776799999
抚州,九江,0.1070478342
安庆,九江,0.09125552016
吉安,九江,0.1078982531999999
佛山,云浮,0.94068208224
广州,云浮,0.7015081172400001
中山,云浮,0.4337162658
东莞,云浮,0.38986355268
深圳,云浮,0.340376904
肇庆,云浮,0.44556226308
江门,云浮,0.24810930828
珠海,云浮,0.1149819137999999
茂名,云浮,0.08921758608
合肥,亳州,0.8182306044000001
阜阳,亳州,0.6757812666
南京,亳州,0.193883625
上海,亳州,0.1583494433999999
蚌埠,亳州,0.1526247359999999
淮北,亳州,0.1814659038
苏州,亳州,0.1000077353999999
淮南,亳州,0.1322958906
杭州,亳州,0.0888895134
商丘,亳州,0.1744921602
宿州,亳州,0.1055167883999999
周口,亳州,0.137397951
武汉,仙桃,0.7591206924
孝感,仙桃,0.17316769032
荆州,仙桃,0.1546154438399999
天门,仙桃,0.0965876659199999
哈尔滨,伊春,0.2288570112
绥化,伊春,0.08615079648
广州,佛山,8.41597413444
东莞,佛山,2.37646285884
深圳,佛山,1.85041081476
中山,佛山,1.98896213772
江门,佛山,1.4182857129600002
肇庆,佛山,3.0757160527200003
珠海,佛山,0.4749398226
惠州,佛山,0.71545911336
清远,佛山,1.78494288228
湛江,佛山,0.39238900308
云浮,佛山,0.93786693372
茂名,佛山,0.45039539376
韶关,佛山,0.4256289828
南宁,佛山,0.1976355838799999
河源,佛山,0.15685587792
阳江,佛山,0.4259979054
梧州,佛山,0.4997351311199999
贵港,佛山,0.58965857712
梅州,佛山,0.1927820249999999
汕头,佛山,0.0877992858
衡阳,佛山,0.1944940312799999
玉林,佛山,0.31319298
揭阳,佛山,0.11293461936
赣州,佛山,0.22862170944
桂林,佛山,0.1320894669599999
贺州,佛山,0.1908106307999998
永州,佛山,0.15902326944
郴州,佛山,0.1212554221199999
钦州,佛山,0.13438655244
哈尔滨,佳木斯,0.3714384340799999
双鸭山,佳木斯,0.25311159936
鹤岗,佳木斯,0.15098887296
北京,保定,4.05457085916
石家庄,保定,1.6840186675200002
天津,保定,0.79777585584
廊坊,保定,0.7674885529200001
沧州,保定,0.55173677796
衡水,保定,0.3428162902799999
唐山,保定,0.19819032372
张家口,保定,0.22895755488
邯郸,保定,0.208818648
邢台,保定,0.1985337799199999
秦皇岛,保定,0.0848540059199998
昆明,保山,0.23028190488
临沧,保山,0.09705266424
郑州,信阳,0.9680815472400002
武汉,信阳,0.3298427859600001
北京,信阳,0.2311228533600001
驻马店,信阳,0.42148960416
上海,信阳,0.1661047981200001
杭州,信阳,0.16335373356
苏州,信阳,0.1284661522799999
六安,信阳,0.14846709024
南阳,信阳,0.15209032392
合肥,信阳,0.08572699476
周口,信阳,0.1077794229599999
阜阳,信阳,0.11164827456
洛阳,信阳,0.08002214208
合肥,六安,3.0149950248000006
上海,六安,0.28060058232
苏州,六安,0.2755136656799999
南京,六安,0.1844918208
杭州,六安,0.1455373526399999
无锡,六安,0.14731744104
淮南,六安,0.3288800426399998
阜阳,六安,0.21570113376
芜湖,六安,0.10916556624
常州,六安,0.0876453566399999
安庆,六安,0.1500929740799998
信阳,六安,0.1486711000799999
贵阳,六盘水,0.68306596272
毕节,六盘水,0.76414334364
昆明,六盘水,0.18350594712
安顺,六盘水,0.23550142824
曲靖,六盘水,0.20761025112
遵义,六盘水,0.0965215277999999
白银,兰州,0.94609319328
定西,兰州,1.05076263096
临夏回族自治州,兰州,0.59356441332
天水,兰州,0.6300336006
武威,兰州,0.49500534996
西安,兰州,0.25293622464
西宁,兰州,0.20746201788
张掖,兰州,0.2202124838399999
酒泉,兰州,0.1366353586799999
海东,兰州,0.13451972616
平凉,兰州,0.3220824157199999
陇南,兰州,0.21633392196
金昌,兰州,0.1147175427599999
成都,兰州,0.09793186092
庆阳,兰州,0.16692081156
银川,兰州,0.08117705952
通辽,兴安盟,0.1450719233999999
白城,兴安盟,0.1665627494399999
呼伦贝尔,兴安盟,0.1082557839599999
齐齐哈尔,兴安盟,0.1024848158399999
成都,内江,2.19666186144
重庆,内江,0.54544640544
自贡,内江,0.34752830976
资阳,内江,0.2808562896
眉山,内江,0.16400988864
泸州,内江,0.15326459712
宜宾,内江,0.1096249463999999
呼和浩特,包头,0.90385114248
鄂尔多斯,包头,0.5876508268799999
巴彦淖尔,包头,0.45509851944
北京,包头,0.13546622736
乌兰察布,包头,0.35803710072
廊坊,北京,4.284862743240001
天津,北京,2.69122301712
保定,北京,4.054597333200002
张家口,北京,2.06585139096
唐山,北京,1.0622467332
石家庄,北京,1.1138858856
上海,北京,0.4558037540399999
承德,北京,1.44156871584
沧州,北京,0.99536037408
郑州,北京,0.32041772964
邯郸,北京,1.23341523984
济南,北京,0.38134233972
西安,北京,0.31034728152
沈阳,北京,0.2668119912
呼和浩特,北京,0.2671734909599998
太原,北京,0.29604415248
深圳,北京,0.15464483388
秦皇岛,北京,0.6328451332799998
成都,北京,0.2170774339199999
哈尔滨,北京,0.2398459248
青岛,北京,0.24594809544
武汉,北京,0.2005433154
杭州,北京,0.19808302788
赤峰,北京,0.3847900301999999
衡水,北京,0.81417296448
南京,北京,0.19398254868
邢台,北京,0.7521018642000001
大连,北京,0.2029065065999999
广州,北京,0.1430663958
重庆,北京,0.16055281188
长春,北京,0.1763990362799999
大同,北京,0.3986696685600001
包头,北京,0.13299594768
长沙,北京,0.14438019312
合肥,北京,0.1344068413199999
苏州,北京,0.11446013772
德州,北京,0.44538824592
烟台,北京,0.23299386912
菏泽,北京,0.32124604536
聊城,北京,0.33650147196
潍坊,北京,0.18817988688
乌兰察布,北京,0.15907992732
济宁,北京,0.1735152580799999
葫芦岛,北京,0.2925075855599999
信阳,北京,0.23066578332
临沂,北京,0.1444152985199999
安阳,北京,0.22069243152
洛阳,北京,0.09395774172
周口,北京,0.2892272021999999
淄博,北京,0.09700882704
新乡,北京,0.10534198716
锦州,北京,0.1266995844
临汾,北京,0.1999256320799999
威海,北京,0.1167262326
驻马店,北京,0.1624925124
南阳,北京,0.14946807528
徐州,北京,0.0945485395199999
泰安,北京,0.20133652572
晋中,北京,0.19523435508
通辽,北京,0.08762627304
运城,北京,0.18444090744
濮阳,北京,0.204158313
忻州,北京,0.204158313
长治,北京,0.13398335064
滨州,北京,0.1362143401199999
阜阳,北京,0.09349914564
商丘,北京,0.1528806603599999
朝阳,北京,0.15816273516
吕梁,北京,0.11603833848
阳泉,北京,0.08165630412
南宁,北海,0.6046477243200001
钦州,北海,0.49402470888
玉林,北海,0.22685214456
防城港,北海,0.0965761704
湛江,北海,0.09715724496
武汉,十堰,0.46922653944
襄阳,十堰,0.478858392
西安,十堰,0.110210058
南阳,十堰,0.13273078608
安康,十堰,0.09066491352
苏州,南京,1.23993053316
上海,南京,0.86903186688
镇江,南京,1.5720807239999997
常州,南京,0.99963421272
无锡,南京,0.9229723362
杭州,南京,0.4049552750399999
扬州,南京,1.16794014696
滁州,南京,1.5438217193999997
马鞍山,南京,0.84686312592
淮安,南京,1.38601915236
合肥,南京,0.48932007984
南通,南京,0.9457721352
泰州,南京,0.76373507448
徐州,南京,0.76256241156
盐城,南京,0.8101358791200001
北京,南京,0.1944645083999999
宁波,南京,0.1704904264799999
宿迁,南京,0.8632142913599998
芜湖,南京,0.4120226902799999
连云港,南京,0.45158302872
嘉兴,南京,0.11641813128
湖州,南京,0.1228839011999999
宣城,南京,0.31733127324
蚌埠,南京,0.2118907836
宿州,南京,0.28177709436
阜阳,南京,0.1380954614399999
六安,南京,0.1842032015999999
安庆,南京,0.1702128783599999
亳州,南京,0.19351919952
淮南,南京,0.0864664502399999
铜陵,南京,0.0876227867999999
池州,南京,0.0866129824799999
成都,南充,2.43523179
重庆,南充,0.7829269002000001
绵阳,南充,0.2683474271999999
广安,南充,0.3249798408
广元,南充,0.1903647906
达州,南充,0.1635582456
遂宁,南充,0.1604265101999999
巴中,南充,0.1526903136
德阳,南充,0.1026433458
崇左,南宁,1.75360590684
柳州,南宁,0.8994118143600001
百色,南宁,1.22561388036
钦州,南宁,1.24092845964
河池,南宁,1.3927999734000005
玉林,南宁,1.47887699184
贵港,南宁,1.0464787223999998
桂林,南宁,0.86705892396
防城港,南宁,0.5358970206
佛山,南宁,0.19965397752
来宾,南宁,0.69558765876
北海,南宁,0.6036074154000001
广州,南宁,0.1952216801999999
深圳,南宁,0.1506774149999999
东莞,南宁,0.12824750088
梧州,南宁,0.35472135924
中山,南宁,0.0891500806799999
湛江,南宁,0.12506604768
贺州,南宁,0.15822301212
福州,南平,1.16117808876
厦门,南平,0.36930474828
泉州,南平,0.18322072344
三明,南平,0.1699828902
温州,南平,0.09280014804
上海,南平,0.0827991979199999
宁德,南平,0.11338709508
九江,南昌,1.60680982392
宜春,南昌,2.1717986976000003
抚州,南昌,1.18493266392
上饶,南昌,1.32108115752
赣州,南昌,0.7900154985600001
吉安,南昌,0.9452549275200002
景德镇,南昌,0.3110825217599999
上海,南昌,0.1505738484
长沙,南昌,0.17024342184
杭州,南昌,0.1190023487999999
武汉,南昌,0.1155332354399999
深圳,南昌,0.1011666995999999
新余,南昌,0.2655642672
鹰潭,南昌,0.2227397810399999
广州,南昌,0.08077382856
萍乡,南昌,0.2895425157599999
黄冈,南昌,0.08025737904
上海,南通,1.7510547308399995
苏州,南通,1.3989697012799995
南京,南通,0.9466904775599996
无锡,南通,0.4688593826399999
泰州,南通,0.4821281676
常州,南通,0.2579254099199999
盐城,南通,0.60381849492
扬州,南通,0.2478761999999998
杭州,南通,0.1198279493999998
镇江,南通,0.12225305376
徐州,南通,0.1646287675199998
淮安,南通,0.1632067833599999
连云港,南通,0.1366292836799999
宿迁,南通,0.1069228317599999
滁州,南通,0.0904689194399999
宿州,南通,0.0879089565599997
郑州,南阳,1.7267669845200002
襄阳,南阳,0.27994552236
平顶山,南阳,0.2593848549599998
洛阳,南阳,0.24556654008
北京,南阳,0.15244969824
驻马店,南阳,0.2492150975999999
西安,南阳,0.1608334930799999
武汉,南阳,0.13002603732
信阳,南阳,0.1518624741599999
十堰,南阳,0.1326741638399999
许昌,南阳,0.11875116456
新乡,南阳,0.08373742416
周口,南阳,0.0959765792399999
开封,南阳,0.08836060284
泉州,厦门,3.0451544222400004
漳州,厦门,3.01635259776
福州,厦门,0.58623106212
龙岩,厦门,1.90559468268
莆田,厦门,0.5143116383999999
三明,厦门,0.8957184670799998
深圳,厦门,0.1070692343999999
南平,厦门,0.3684902025599998
宁德,厦门,0.24763203684
赣州,厦门,0.3208415767199999
抚州,厦门,0.137864754
上饶,厦门,0.11913526008
吉安,厦门,0.10461303576
佳木斯,双鸭山,0.2531249870399999
哈尔滨,双鸭山,0.1708381011599999
宁波,台州,1.3183106238
杭州,台州,0.93458478456
温州,台州,1.08849592044
金华,台州,0.64169173944
上海,台州,0.27662072184
绍兴,台州,0.2670869213999999
嘉兴,台州,0.1623214242
苏州,台州,0.1452587418
丽水,台州,0.2116293804
湖州,台州,0.101051226
舟山,台州,0.0835811200799999
衢州,台州,0.0992568913199999
六安,合肥,3.01418363808
芜湖,合肥,1.1064160494000002
上海,合肥,0.6019833005999999
淮南,合肥,1.9355651784
南京,合肥,0.4902076746
马鞍山,合肥,0.6918486793199999
安庆,合肥,1.94396605452
阜阳,合肥,1.27943588232
滁州,合肥,1.32239830176
苏州,合肥,0.34056191448
蚌埠,合肥,0.8122413186
杭州,合肥,0.2706519387599999
亳州,合肥,0.817533405
铜陵,合肥,0.51258079476
宿州,合肥,0.8972773574400003
无锡,合肥,0.1882048932
常州,合肥,0.15529660848
宣城,合肥,0.45184224816
北京,合肥,0.1354472636399999
池州,合肥,0.44458909668
淮北,合肥,0.3256683246
宁波,合肥,0.10019464776
黄山,合肥,0.28125854208
湖州,合肥,0.0826896340799999
武汉,合肥,0.0991366451999999
徐州,合肥,0.09510236244
信阳,合肥,0.0855048798
南昌,吉安,0.94600679868
赣州,吉安,0.56135296512
深圳,吉安,0.2906045909999999
东莞,吉安,0.23593161276
广州,吉安,0.14887533348
新余,吉安,0.18108102744
宜春,吉安,0.21392309628
泉州,吉安,0.1067975766
厦门,吉安,0.10462350744
九江,吉安,0.1076741942399999
抚州,吉安,0.08826047712
萍乡,吉安,0.0860645865599999
长春,吉林,3.0235936608
沈阳,吉林,0.22704770448
北京,吉林,0.16892321904
哈尔滨,吉林,0.2058902971199999
通化,吉林,0.2784198290399999
大连,吉林,0.12121825608
四平,吉林,0.22784062968
松原,吉林,0.17056622952
白山,吉林,0.12166904376
白城,吉林,0.09180160272
辽源,吉林,0.089158644
太原,吕梁,1.8831325824
晋中,吕梁,0.4381257859199999
北京,吕梁,0.11656265796
榆林,吕梁,0.16110229968
临汾,吕梁,0.1212546121199999
忻州,吕梁,0.0811384775999999
银川,吴忠,1.343275812
中卫,吴忠,0.24253862076
固原,吴忠,0.10438372152
榆林,吴忠,0.08591792796
郑州,周口,3.03928058412
北京,周口,0.28934749044
商丘,周口,0.33593540832
漯河,周口,0.2794533048
阜阳,周口,0.2670845399999999
开封,周口,0.24045171084
上海,周口,0.16316799408
许昌,周口,0.2192421135599999
驻马店,周口,0.25881606972
洛阳,周口,0.1743327133199999
新乡,周口,0.12780949176
亳州,周口,0.13687083864
平顶山,周口,0.11703339756
信阳,周口,0.10805237352
南阳,周口,0.0956612138399999
齐齐哈尔,呼伦贝尔,0.2265442505999998
兴安盟,呼伦贝尔,0.1082403161999999
哈尔滨,呼伦贝尔,0.08477899344
包头,呼和浩特,0.90363761352
鄂尔多斯,呼和浩特,0.55563353568
乌兰察布,呼和浩特,1.50232140504
北京,呼和浩特,0.26854512552
巴彦淖尔,呼和浩特,0.3914814952799998
赤峰,呼和浩特,0.10967552928
大同,呼和浩特,0.0949859719199999
武汉,咸宁,1.4093771093999998
长沙,咸宁,0.0887569487999999
黄石,咸宁,0.1502837549999999
岳阳,咸宁,0.1134547398
西安,咸阳,6.76335315996
宝鸡,咸阳,0.5754622708799999
渭南,咸阳,0.48271440348
铜川,咸阳,0.1398722191199999
延安,咸阳,0.14108726448
榆林,咸阳,0.0942339096
汉中,咸阳,0.11262141828
庆阳,咸阳,0.08227841976
商洛,咸阳,0.1364637618
安康,咸阳,0.0933241791599999
绥化,哈尔滨,1.4880109536
大庆,哈尔滨,0.65025897984
佳木斯,哈尔滨,0.3708648633599998
长春,哈尔滨,0.3579235257599999
北京,哈尔滨,0.2407986144
齐齐哈尔,哈尔滨,0.4686706137599999
牡丹江,哈尔滨,0.3598512998399999
沈阳,哈尔滨,0.2005985088
黑河,哈尔滨,0.2130275635199999
鸡西,哈尔滨,0.18508585536
双鸭山,哈尔滨,0.1706964192
伊春,哈尔滨,0.22867940736
大连,哈尔滨,0.1457966304
七台河,哈尔滨,0.11459584512
呼伦贝尔,哈尔滨,0.08466710976
鹤岗,哈尔滨,0.1092227328
吉林,哈尔滨,0.08671281984
松原,哈尔滨,0.08250771456
北京,唐山,1.06432368336
天津,唐山,1.21414342176
秦皇岛,唐山,0.6182115566399999
廊坊,唐山,0.26486038368
石家庄,唐山,0.22601204496
承德,唐山,0.2963539872
保定,唐山,0.1981542009599999
沧州,唐山,0.160952832
张家口,唐山,0.08046059184
衡水,唐山,0.11392476336
郑州,商丘,1.8686776593600003
开封,商丘,0.30966597108
周口,商丘,0.33602029956
北京,商丘,0.1539719863199999
苏州,商丘,0.15436952136
上海,商丘,0.15014857248
亳州,商丘,0.17444182032
菏泽,商丘,0.19380651624
洛阳,商丘,0.12805976232
新乡,商丘,0.11585379456
徐州,商丘,0.09732069324
宿州,商丘,0.1347701911199998
淮北,商丘,0.08228377872
西安,商洛,1.74140417376
咸阳,商洛,0.13690515024
渭南,商洛,0.0984307464
杭州,嘉兴,2.62925318952
上海,嘉兴,1.3807883343600005
苏州,嘉兴,0.7789973698799999
宁波,嘉兴,0.5783500537199999
湖州,嘉兴,0.72148343652
绍兴,嘉兴,0.4107174757199999
金华,嘉兴,0.30523308408
台州,嘉兴,0.1620439181999999
温州,嘉兴,0.1661503104
无锡,嘉兴,0.15030306216
南京,嘉兴,0.1169360874
酒泉,嘉峪关,0.39084212016
张掖,嘉峪关,0.09657895356
长春,四平,1.7158142844
沈阳,四平,0.14924211444
铁岭,四平,0.1496009962799999
吉林,四平,0.09211924584
松原,四平,0.0892574121599999
银川,固原,0.54736812396
中卫,固原,0.21381195456
吴忠,固原,0.10453928364
平凉,固原,0.0944943084
北京,大同,0.40006323144
太原,大同,0.4229593977599999
朔州,大同,0.62369191296
天津,大同,0.1165212248399999
乌兰察布,大同,0.17486158176
张家口,大同,0.16428091788
呼和浩特,大同,0.09509130432
忻州,大同,0.1394564623199999
哈尔滨,大庆,0.6504383268
绥化,大庆,0.6952734079199999
齐齐哈尔,大庆,0.28740187368
沈阳,大连,0.8166883060800001
营口,大连,0.4970826662400001
北京,大连,0.20417111424
鞍山,大连,0.43143015744
丹东,大连,0.39776418576
哈尔滨,大连,0.14597192736
长春,大连,0.1420832404799999
盘锦,大连,0.13537720512
辽阳,大连,0.12842192304
锦州,大连,0.19105939152
抚顺,大连,0.1218460968
本溪,大连,0.12687443424
铁岭,大连,0.1309268448
阜新,大连,0.1112346172799998
葫芦岛,大连,0.11673351936
朝阳,大连,0.20237347152
兰州,天水,0.6302064934799999
西安,天水,0.2728625907599999
陇南,天水,0.2156581259999999
定西,天水,0.1756985936399999
宝鸡,天水,0.0893790547199999
平凉,天水,0.0992405390399999
北京,天津,2.6905287661199995
廊坊,天津,1.2925959458399998
唐山,天津,1.21346029692
沧州,天津,1.5218093116799998
保定,天津,0.7981353759600001
石家庄,天津,0.36845655516
邯郸,天津,0.5333664218399999
秦皇岛,天津,0.31521069972
上海,天津,0.1077792706799999
济南,天津,0.2138210233199999
张家口,天津,0.26316000576
德州,天津,0.7269982696800001
承德,天津,0.30370904316
沈阳,天津,0.0936984833999999
青岛,天津,0.08845183476
衡水,天津,0.37307045448
邢台,天津,0.26638592472
滨州,天津,0.22422793896
大同,天津,0.11597865444
赤峰,天津,0.1006524953999999
聊城,天津,0.1427200883999999
葫芦岛,天津,0.12210108156
菏泽,天津,0.15022247364
泰安,天津,0.08947022184
武汉,天门,0.4624887391199999
孝感,天门,0.1357778699999998
荆门,天门,0.1244539825199999
仙桃,天门,0.09657428148
晋中,太原,2.21536001808
吕梁,太原,1.88246040876
忻州,太原,1.4429777238
北京,太原,0.29710084284
临汾,太原,0.7443166431599999
长治,太原,0.6817578710400002
大同,太原,0.4223032750799999
运城,太原,0.4807792907999999
阳泉,太原,0.34641260928
朔州,太原,0.36280181556
晋城,太原,0.22754358648
西安,太原,0.09310995684
石家庄,太原,0.1153459958399999
烟台,威海,0.9848905344
青岛,威海,0.4230221500799999
济南,威海,0.2435378918399999
北京,威海,0.11912590944
淄博,威海,0.1065386649599998
潍坊,威海,0.1460229638399999
长沙,娄底,2.04142131792
湘潭,娄底,0.35968055508
邵阳,娄底,0.45551884464
株洲,娄底,0.20039019948
衡阳,娄底,0.1542052728
益阳,娄底,0.1711767556799999
深圳,娄底,0.0929563192799999
怀化,娄底,0.12545144568
广州,娄底,0.0838647237599999
岳阳,娄底,0.0806880041999999
武汉,孝感,3.605681663639998
随州,孝感,0.2016134647199999
襄阳,孝感,0.1154391620399999
黄冈,孝感,0.1377243259199999
宜昌,孝感,0.1024472415599999
仙桃,孝感,0.1729997902799999
荆门,孝感,0.1087676521199998
荆州,孝感,0.1920206185199999
天门,孝感,0.1353880979999999
福州,宁德,1.38155836572
温州,宁德,0.347264658
厦门,宁德,0.24832928484
泉州,宁德,0.16781580972
上海,宁德,0.1138550353199999
南平,宁德,0.113507082
杭州,宁波,1.96294337928
台州,宁波,1.31771435364
上海,宁波,0.8668330311599999
绍兴,宁波,1.27988026776
金华,宁波,0.91656580968
嘉兴,宁波,0.5784640855199998
温州,宁波,0.5042729714399999
舟山,宁波,0.69977206044
苏州,宁波,0.5425715923199999
湖州,宁波,0.4158461235599999
无锡,宁波,0.13542113952
南京,宁波,0.1711461085199999
丽水,宁波,0.21913255944
合肥,宁波,0.10110545064
衢州,宁波,0.2051743931999999
阜阳,宁波,0.1164878819999999
上饶,宁波,0.1920583061999999
滁州,宁波,0.0808078679999999
合肥,安庆,1.94513414904
上海,安庆,0.2580643670399999
杭州,安庆,0.1796083210799998
南京,安庆,0.1702891641599999
芜湖,安庆,0.1780306581599999
池州,安庆,0.31230789624
铜陵,安庆,0.28183750416
苏州,安庆,0.11058579432
武汉,安庆,0.1032213909599999
六安,安庆,0.1499493124799998
湖州,安庆,0.0869639036399999
北京,安庆,0.08183196072
九江,安庆,0.0911212027199999
西安,安康,0.9251979602399998
汉中,安康,0.13322205432
咸阳,安康,0.09355333464
十堰,安康,0.0906866928
郑州,安阳,1.36557395532
新乡,安阳,0.4941656877599999
濮阳,安阳,0.48440300076
鹤壁,安阳,0.4483545566399998
北京,安阳,0.22314005388
邯郸,安阳,0.3049214544
长治,安阳,0.1103840071199999
焦作,安阳,0.1021266046799999
洛阳,安阳,0.08935474824
开封,安阳,0.09333574272
贵阳,安顺,1.2290356152
六盘水,安顺,0.23575152384
毕节,安顺,0.31271174928
遵义,安顺,0.12694431456
兰州,定西,1.0511758281600003
天水,定西,0.17569100232
临夏回族自治州,定西,0.1492930277999999
白银,定西,0.1078676319599999
武汉,宜昌,0.7854231873599999
荆州,宜昌,0.48830563908
重庆,宜昌,0.2058732547199999
襄阳,宜昌,0.18789112512
荆门,宜昌,0.18172019196
孝感,宜昌,0.10266098436
南昌,宜春,2.1723551092800006
新余,宜春,0.3872982114
长沙,宜春,0.2656083636
九江,宜春,0.2036757830399999
赣州,宜春,0.18843864948
深圳,宜春,0.1356726153599999
萍乡,宜春,0.2278771185599999
吉安,宜春,0.21403538496
广州,宜春,0.1028366182799999
温州,宜春,0.08893755612
东莞,宜春,0.0897498143999998
上海,宜春,0.08113077936
抚州,宜春,0.11237440716
上饶,宜春,0.101198565
西安,宝鸡,2.44305251496
咸阳,宝鸡,0.57549290184
渭南,宝鸡,0.12598121808
汉中,宝鸡,0.09844557912
天水,宝鸡,0.0893232489599999
合肥,宿州,0.89767712484
徐州,宿州,0.8143159197600001
淮北,宿州,0.7583831355599998
南京,宿州,0.28296807948
苏州,宿州,0.24541867944
蚌埠,宿州,0.2924434206
上海,宿州,0.21032214408
杭州,宿州,0.10688446692
无锡,宿州,0.10256859252
常州,宿州,0.0943833902399998
南通,宿州,0.0883330401599998
宿迁,宿州,0.1151317184399998
滁州,宿州,0.10521388728
商丘,宿州,0.13487504076
亳州,宿州,0.1055607065999999
阜阳,宿州,0.0939453357599999
南京,宿迁,0.8636942779200001
淮安,宿迁,0.6107592294000002
苏州,宿迁,0.4274419086
常州,宿迁,0.26253218448
徐州,宿迁,0.62422384644
上海,宿迁,0.24928051644
无锡,宿迁,0.2488169988
连云港,宿迁,0.29161554552
扬州,宿迁,0.1573939706399999
镇江,宿迁,0.0994099068
南通,宿迁,0.10696199364
盐城,宿迁,0.1418506668
宿州,宿迁,0.11514731904
长沙,岳阳,3.921171917040001
益阳,岳阳,0.37727330472
株洲,岳阳,0.20631220992
武汉,岳阳,0.16938640944
深圳,岳阳,0.14910599232
广州,岳阳,0.13479221664
东莞,岳阳,0.1167836292
湘潭,岳阳,0.15527056536
荆州,岳阳,0.2398830033599999
常德,岳阳,0.1482005548799999
衡阳,岳阳,0.1140258708
咸宁,岳阳,0.1129976891999999
娄底,岳阳,0.080846424
南宁,崇左,1.75425458076
百色,崇左,0.12555343116
成都,巴中,0.99162347472
重庆,巴中,0.24869523312
达州,巴中,0.21978850716
南充,巴中,0.1528261311599999
广元,巴中,0.1046402388
包头,巴彦淖尔,0.4552771535999999
呼和浩特,巴彦淖尔,0.3915051084
鄂尔多斯,巴彦淖尔,0.3170518686
乌海,巴彦淖尔,0.191079081
无锡,常州,1.5612667542
南京,常州,1.00028010024
苏州,常州,0.87692901696
上海,常州,0.52877524788
镇江,常州,0.94655338668
泰州,常州,0.46898192592
杭州,常州,0.15002746452
南通,常州,0.2575343775599999
扬州,常州,0.40496946948
盐城,常州,0.3460494474
合肥,常州,0.15542386596
湖州,常州,0.09726967944
淮安,常州,0.3332424369599999
宣城,常州,0.20467710828
徐州,常州,0.213217596
宿迁,常州,0.26212360752
连云港,常州,0.2240142544799999
滁州,常州,0.177473268
六安,常州,0.08732511504
宿州,常州,0.09416500128
长沙,常德,2.21790025584
益阳,常德,0.3405011612399998
张家界,常德,0.2548980025199998
深圳,常德,0.1145910531599999
株洲,常德,0.12656691936
东莞,常德,0.0928975553999997
广州,常德,0.0953879522399998
荆州,常德,0.16658341092
岳阳,常德,0.1484941766399998
武汉,常德,0.0804234063599999
湘潭,常德,0.09502146612
怀化,常德,0.1235722553999999
兰州,平凉,0.3223631001599999
西安,平凉,0.18702963504
庆阳,平凉,0.12111043212
固原,平凉,0.09449848152
天水,平凉,0.09922415112
郑州,平顶山,1.41165838044
许昌,平顶山,0.4820963184
洛阳,平顶山,0.3856518248399999
漯河,平顶山,0.25538495184
南阳,平顶山,0.2595123521999999
驻马店,平顶山,0.12970992024
开封,平顶山,0.0896437108799999
周口,平顶山,0.11729158668
成都,广元,0.9636127448400004
绵阳,广元,0.40504392468
重庆,广元,0.1493468766
南充,广元,0.1904304038399999
巴中,广元,0.10467325764
重庆,广安,1.77632480952
成都,广安,0.6815952133200001
南充,广安,0.3252139891199999
达州,广安,0.1487535645599999
东莞,广州,5.927039094960001
佛山,广州,8.4166787664
深圳,广州,4.46989201848
中山,广州,1.92282462036
惠州,广州,2.9912748098400006
珠海,广州,1.0206817419600005
清远,广州,3.487494456720001
江门,广州,1.9531492124400005
肇庆,广州,1.60497303876
湛江,广州,1.0537889691600002
韶关,广州,1.24185670992
茂名,广州,1.05672558852
长沙,广州,0.28201473216
梅州,广州,1.001802816
河源,广州,0.6198710878799999
北京,广州,0.1441110106799999
汕头,广州,0.6081620551200002
云浮,广州,0.7007177289600002
上海,广州,0.1355935528799998
阳江,广州,0.8053934781600002
南宁,广州,0.19261108584
揭阳,广州,0.66964383828
衡阳,广州,0.5498520732000001
武汉,广州,0.12366911196
赣州,广州,0.9324102520800004
重庆,广州,0.14046884568
汕尾,广州,0.3238767018
郴州,广州,0.40834573416
成都,广州,0.10982577132
桂林,广州,0.15407700444
潮州,广州,0.26683939512
梧州,广州,0.2285404956
永州,广州,0.2587527536399999
邵阳,广州,0.2010889962
玉林,广州,0.22321461276
贵港,广州,0.2040651630000001
株洲,广州,0.1464014055599999
贺州,广州,0.10639901448
岳阳,广州,0.13341969756
常德,广州,0.09192922308
荆州,广州,0.08065100664
吉安,广州,0.14597058924
钦州,广州,0.10767168972
宜春,广州,0.1012885398
娄底,广州,0.08213909004
西安,庆阳,0.3068672202
兰州,庆阳,0.1672426926
平凉,庆阳,0.1210944686399999
咸阳,庆阳,0.08284778496
北京,廊坊,4.28576960304
天津,廊坊,1.29316279032
保定,廊坊,0.7670618676000001
沧州,廊坊,0.44988115068
石家庄,廊坊,0.2570074952399999
唐山,廊坊,0.2650795794
衡水,廊坊,0.1678575636
秦皇岛,廊坊,0.1082736882
张家口,廊坊,0.1785707823599999
承德,廊坊,0.18996983784
邯郸,廊坊,0.13724112204
邢台,廊坊,0.1099516518
西安,延安,1.10211956964
榆林,延安,0.48164266008
渭南,延安,0.18463078116
咸阳,延安,0.14158091412
郑州,开封,3.0279165044400003
商丘,开封,0.30926444112
新乡,开封,0.26092971288
许昌,开封,0.19234531512
周口,开封,0.2405889475199999
洛阳,开封,0.14996826972
北京,开封,0.0822218266799999
菏泽,开封,0.12822035616
焦作,开封,0.09901048284
平顶山,开封,0.0892801925999998
南阳,开封,0.08833847364
安阳,开封,0.09323136936
北京,张家口,2.0684807481600003
天津,张家口,0.26347194
石家庄,张家口,0.2484266889599999
廊坊,张家口,0.1788619968
保定,张家口,0.2296617947999999
大同,张家口,0.1642885416
乌兰察布,张家口,0.11887794576
唐山,张家口,0.0804109356
衡水,张家口,0.12537991296
长沙,张家界,0.4203414421199999
常德,张家界,0.2551204317599999
兰州,张掖,0.22073955408
酒泉,张掖,0.20526558948
嘉峪关,张掖,0.09656326548
南京,徐州,0.7635734989200003
宿迁,徐州,0.62420948352
苏州,徐州,0.4720473126
上海,徐州,0.2927472775200001
宿州,徐州,0.81432456732
常州,徐州,0.21368945664
无锡,徐州,0.2094336745199999
连云港,徐州,0.28791338868
临沂,徐州,0.2419513318799999
淮安,徐州,0.19150139232
济宁,徐州,0.2497252550399999
南通,徐州,0.16453545876
枣庄,徐州,0.26212492296
扬州,徐州,0.14307534144
北京,徐州,0.0971254022399999
盐城,徐州,0.1417115411999999
合肥,徐州,0.09507970188
泰州,徐州,0.0896681242799999
淮北,徐州,0.11564506728
商丘,徐州,0.0970769318399999
菏泽,徐州,0.087003396
济南,德州,2.0434543272000005
天津,德州,0.7270600046400001
北京,德州,0.4483002283199999
青岛,德州,0.3285868550400001
聊城,德州,0.29157560928
衡水,德州,0.3694482576
沧州,德州,0.2869737465599998
东营,德州,0.13334585472
潍坊,德州,0.14646461472
滨州,德州,0.1785221855999999
淄博,德州,0.13429476
烟台,德州,0.0882272347199999
泰安,德州,0.1145945879999998
成都,德阳,3.51655865316
绵阳,德阳,0.66763906884
重庆,德阳,0.1771387704
眉山,德阳,0.0984397892399999
遂宁,德阳,0.11863989972
南充,德阳,0.10272255732
太原,忻州,1.44377325396
北京,忻州,0.2048573689199999
晋中,忻州,0.15058050984
榆林,忻州,0.15368412528
朔州,忻州,0.16235880732
大同,忻州,0.13937997888
鄂尔多斯,忻州,0.08737183584
吕梁,忻州,0.0812633893199999
长沙,怀化,0.6809522612399999
邵阳,怀化,0.2912242636799998
深圳,怀化,0.094068621
铜仁,怀化,0.13185721404
常德,怀化,0.1234975734
娄底,怀化,0.1255588614
深圳,惠州,7.68374407152
东莞,惠州,4.616954004960001
广州,惠州,2.9914491024000003
佛山,惠州,0.7156918296
河源,惠州,1.1719030752
中山,惠州,0.2779791696
珠海,惠州,0.16062776928
汕尾,惠州,0.43452102672
江门,惠州,0.134437644
梅州,惠州,0.4543545441600001
肇庆,惠州,0.1268950795199999
清远,惠州,0.14731466112
揭阳,惠州,0.2714541984
汕头,惠州,0.14775260544
赣州,惠州,0.32517037872
韶关,惠州,0.17813356704
郴州,惠州,0.0833997383999999
重庆,成都,2.70815469336
德阳,成都,3.5146256983200006
绵阳,成都,2.89494254016
眉山,成都,3.4874377437600006
南充,成都,2.4338720786400003
资阳,成都,2.5867715018400004
达州,成都,1.21795169184
乐山,成都,1.8948962771999995
内江,成都,2.19316817592
宜宾,成都,1.35546920208
遂宁,成都,1.7000444138399995
雅安,成都,1.2711645252
巴中,成都,0.9890066433600002
泸州,成都,0.92958636528
自贡,成都,1.27144535544
广元,成都,0.96124415904
广安,成都,0.67969083528
西安,成都,0.2915285320799999
北京,成都,0.219293568
攀枝花,成都,0.1835442827999999
上海,成都,0.1563992258399998
贵阳,成都,0.1782651239999998
昆明,成都,0.14614318728
深圳,成都,0.11613291408
广州,成都,0.1102491972
兰州,成都,0.0957698315999999
遵义,成都,0.13225980024
汉中,成都,0.0936538783199999
昭通,成都,0.0915422147999999
南京,扬州,1.16864173656
苏州,扬州,0.54345973464
上海,扬州,0.4091963767199999
常州,扬州,0.40478461452
泰州,扬州,0.7140843716399999
无锡,扬州,0.34546585536
镇江,扬州,0.3575654604
南通,扬州,0.24776766972
淮安,扬州,0.41512871304
盐城,扬州,0.23907041136
杭州,扬州,0.0835125584399999
徐州,扬州,0.14311997244
滁州,扬州,0.24578629956
宿迁,扬州,0.1574241058799999
连云港,扬州,0.1234851318
北京,承德,1.44171078336
天津,承德,0.30438742464
唐山,承德,0.29670778224
廊坊,承德,0.19000840032
石家庄,承德,0.12889003824
赤峰,承德,0.12141196272
秦皇岛,承德,0.1064606328
保定,承德,0.08035093728
南昌,抚州,1.18509479028
厦门,抚州,0.13832434476
赣州,抚州,0.17183453076
福州,抚州,0.1125009907199999
上海,抚州,0.11395102356
温州,抚州,0.10796513004
深圳,抚州,0.1038839644799999
杭州,抚州,0.101459385
泉州,抚州,0.0909556516799998
九江,抚州,0.1071874296
鹰潭,抚州,0.10031709708
上饶,抚州,0.1248207213599999
宜春,抚州,0.11253147912
吉安,抚州,0.0882649029599998
沈阳,抚顺,0.96389563572
大连,抚顺,0.12203680968
铁岭,抚顺,0.0904157899199999
汕头,揭阳,1.18414737216
深圳,揭阳,0.8180843443200001
广州,揭阳,0.6728188924799998
东莞,揭阳,0.30923301312
惠州,揭阳,0.2726640662399998
潮州,揭阳,0.2393658604799999
佛山,揭阳,0.11402034336
梅州,揭阳,0.20367855648
汕尾,揭阳,0.14084251488
赣州,揭阳,0.21811099392
成都,攀枝花,0.18386884656
海口,文昌,0.8382395678399999
郑州,新乡,2.43277691652
焦作,新乡,0.48240213876
安阳,新乡,0.4943742336
开封,新乡,0.26072923788
洛阳,新乡,0.1818315507599999
北京,新乡,0.1074848356799999
鹤壁,新乡,0.1811208049199998
濮阳,新乡,0.1498649526
许昌,新乡,0.09789131232
商丘,新乡,0.11594545416
周口,新乡,0.12808104588
南阳,新乡,0.0836911472399999
南昌,新余,0.26573451624
宜春,新余,0.38760685056
吉安,新余,0.1812433773599999
苏州,无锡,2.8521723726
常州,无锡,1.56070159776
上海,无锡,0.99868667796
南京,无锡,0.92312928504
泰州,无锡,0.7461980690399999
南通,无锡,0.4684807108799998
杭州,无锡,0.2545278551999999
镇江,无锡,0.37315693656
盐城,无锡,0.6072795633599998
宁波,无锡,0.1350212068799999
嘉兴,无锡,0.14958356184
扬州,无锡,0.34524662076
湖州,无锡,0.1579858376399999
合肥,无锡,0.18859386816
淮安,无锡,0.3804735077999999
徐州,无锡,0.2086880403599998
宿迁,无锡,0.24836392692
连云港,无锡,0.1889728250399998
宣城,无锡,0.16444831248
六安,无锡,0.1467484970399999
芜湖,无锡,0.0879277550399999
滁州,无锡,0.2228312332799999
宿州,无锡,0.1026039895199999
青岛,日照,0.844924446
临沂,日照,0.7720686428399999
潍坊,日照,0.39326088384
济南,日照,0.2793674285999999
烟台,日照,0.09070301268
淄博,日照,0.08291300616
济宁,日照,0.0884512872
连云港,日照,0.08101491048
曲靖,昆明,4.06027048572
玉溪,昆明,1.5693617775600002
昭通,昆明,1.00552149684
普洱,昆明,0.31215772548
丽江,昆明,0.2702049937199999
重庆,昆明,0.34337644092
保山,昆明,0.229495923
成都,昆明,0.14653984752
临沧,昆明,0.14621251032
贵阳,昆明,0.0908101853999999
六盘水,昆明,0.18273265632
毕节,昆明,0.11970557784
昆明,昭通,1.0057058172
宜宾,昭通,0.29184727032
毕节,昭通,0.25806730248
曲靖,昭通,0.2259615463199998
成都,昭通,0.09364319928
重庆,昭通,0.0976381451999999
太原,晋中,2.21523488604
北京,晋中,0.1977321942
吕梁,晋中,0.4381282353599999
阳泉,晋中,0.27359303256
长治,晋中,0.2321986791599999
临汾,晋中,0.21938029308
忻州,晋中,0.15048636192
运城,晋中,0.105712533
长治,晋城,0.3618298836
太原,晋城,0.2282025765599999
郑州,晋城,0.10332467892
临汾,晋城,0.0864042487199999
昆明,普洱,0.31263927048
玉溪,普洱,0.1029458322
临沧,普洱,0.0820215914399999
南昌,景德镇,0.31131247428
上饶,景德镇,0.55288387728
金华,景德镇,0.10077600744
九江,景德镇,0.21582455832
昆明,曲靖,4.060484964
昭通,曲靖,0.22595857848
六盘水,曲靖,0.2076851015999999
玉溪,曲靖,0.1395420307199999
毕节,曲靖,0.1226654539199998
大同,朔州,0.6238320591600002
太原,朔州,0.36327506292
北京,朔州,0.10456602012
忻州,朔州,0.16253342388
沈阳,朝阳,0.6923219623199999
大连,朝阳,0.2025472327199999
赤峰,朝阳,0.2655537696
北京,朝阳,0.1600011273599998
锦州,朝阳,0.14198158872
葫芦岛,朝阳,0.1305626104799999
沈阳,本溪,0.6880207132800001
大连,本溪,0.1269888192
丹东,本溪,0.114942888
柳州,来宾,1.7006899546799994
南宁,来宾,0.6960750876
贵港,来宾,0.15753253248
桂林,来宾,0.1355332337999999
河池,来宾,0.1043411058
嘉兴,杭州,2.62762069608
上海,杭州,1.7703557607600002
宁波,杭州,1.9609756106400005
绍兴,杭州,2.96150494464
金华,杭州,2.32894384272
湖州,杭州,1.89336874032
苏州,杭州,0.83149725096
温州,杭州,0.9888412608000005
台州,杭州,0.93394597968
衢州,杭州,1.0454542635600002
南京,杭州,0.40499144964
北京,杭州,0.19787243112
丽水,杭州,0.50411226096
无锡,杭州,0.25348782168
舟山,杭州,0.29475218952
合肥,杭州,0.27089169552
常州,杭州,0.1491684498
上饶,杭州,0.6289800465600001
宣城,杭州,0.45558800244
深圳,杭州,0.09274735224
南通,杭州,0.1184918900399999
南昌,杭州,0.11822291496
武汉,杭州,0.0921201498
黄山,杭州,0.5973168387600001
芜湖,杭州,0.1533864535199999
重庆,杭州,0.0858420342
阜阳,杭州,0.16154983116
信阳,杭州,0.1634338749599999
九江,杭州,0.13777980768
扬州,杭州,0.08225488764
安庆,杭州,0.1776968636399999
六安,杭州,0.14334146856
滁州,杭州,0.12970690056
蚌埠,杭州,0.08270358552
亳州,杭州,0.08853422148
宿州,杭州,0.1055774314799999
抚州,杭州,0.0994778204399999
池州,杭州,0.0848566044
黄冈,杭州,0.10773045036
长春,松原,1.0909303041599998
白城,松原,0.1889970019199999
哈尔滨,松原,0.08268022512
四平,松原,0.0893483395199999
济宁,枣庄,0.6119447616
临沂,枣庄,0.4088648599199999
济南,枣庄,0.3331940443199999
青岛,枣庄,0.2027864224799999
徐州,枣庄,0.262381842
上海,枣庄,0.08014445856
南宁,柳州,0.9002546776800001
来宾,柳州,1.7005959558
桂林,柳州,0.6651496342800001
河池,柳州,0.5472960501599999
贵港,柳州,0.3195137178
玉林,柳州,0.265236282
梧州,柳州,0.09869800428
贺州,柳州,0.0860934322799999
长沙,株洲,2.423248569
湘潭,株洲,0.6267456162
深圳,株洲,0.1502000658
广州,株洲,0.1490974128
衡阳,株洲,0.4391028144
东莞,株洲,0.1059712308
萍乡,株洲,0.1708074377999999
郴州,株洲,0.1644042096
岳阳,株洲,0.2064268151999999
娄底,株洲,0.20006595
邵阳,株洲,0.2103278562
益阳,株洲,0.189507114
常德,株洲,0.1266209171999999
永州,株洲,0.0873540449999999
南宁,桂林,0.8680010900399999
柳州,桂林,0.6653235736800001
深圳,桂林,0.13703117652
广州,桂林,0.15563495196
佛山,桂林,0.1329632269199999
贺州,桂林,0.23170723272
东莞,桂林,0.09121749552
永州,桂林,0.19832727204
梧州,桂林,0.13453365492
来宾,桂林,0.13550844456
河池,桂林,0.0985557034799999
玉林,桂林,0.1193465210399999
贵港,桂林,0.10967343948
邵阳,桂林,0.1294844065199999
深圳,梅州,1.03660056828
广州,梅州,1.00368610164
惠州,梅州,0.45492341364
东莞,梅州,0.4154546440799999
佛山,梅州,0.1929322119599999
汕头,梅州,0.20213263584
河源,梅州,0.19797850224
潮州,梅州,0.14261303556
揭阳,梅州,0.2035572282
赣州,梅州,0.19896191028
佛山,梧州,0.5001404032800001
南宁,梧州,0.3552382558799999
中山,梧州,0.26373065724
广州,梧州,0.23077559664
东莞,梧州,0.1209752301599998
江门,梧州,0.1119249738
贺州,梧州,0.2320118639999999
深圳,梧州,0.1082469387599999
肇庆,梧州,0.1132833859199999
桂林,梧州,0.13460047992
柳州,梧州,0.09897635592
贵港,梧州,0.1862421109199999
玉林,梧州,0.1521408193199999
西安,榆林,0.7796604747599999
鄂尔多斯,榆林,0.66214401912
延安,榆林,0.48161167272
银川,榆林,0.1644991901999999
吕梁,榆林,0.1612843973999999
咸阳,榆林,0.09449622648
忻州,榆林,0.1535547520799999
吴忠,榆林,0.0858488608799999
西安,榆林,0.7796604747599999
鄂尔多斯,榆林,0.66214401912
延安,榆林,0.48161167272
银川,榆林,0.1644991901999999
吕梁,榆林,0.1612843973999999
咸阳,榆林,0.09449622648
忻州,榆林,0.1535547520799999
吴忠,榆林,0.0858488608799999
兰州,武威,0.49527279252
金昌,武威,0.15135463332
孝感,武汉,3.60598118544
黄冈,武汉,3.80961252864
鄂州,武汉,1.08063602064
荆州,武汉,1.6847571024
咸宁,武汉,1.40782301424
黄石,武汉,1.1804842152
襄阳,武汉,1.09672319088
宜昌,武汉,0.7848506534399999
荆门,武汉,0.8940407400000001
随州,武汉,0.8913121027199999
十堰,武汉,0.4684045319999999
北京,武汉,0.2003432616
长沙,武汉,0.3651639019199999
仙桃,武汉,0.75792856032
上海,武汉,0.18973441296
深圳,武汉,0.1456215667199999
信阳,武汉,0.3296726308799999
潜江,武汉,0.2951487979199999
广州,武汉,0.1254237047999999
天门,武汉,0.4612091659199998
重庆,武汉,0.1757896473599999
郑州,武汉,0.1240730006399999
杭州,武汉,0.0930484583999999
南昌,武汉,0.1161927892799999
合肥,武汉,0.0986691067199999
九江,武汉,0.1532777644799999
岳阳,武汉,0.16958894832
驻马店,武汉,0.11175535008
南阳,武汉,0.1285900660799999
安庆,武汉,0.1016428046399998
贵阳,毕节,2.7185260759200003
六盘水,毕节,0.76407064128
遵义,毕节,0.57699994248
安顺,毕节,0.3125698988399999
昭通,毕节,0.25794562428
昆明,毕节,0.1206606456
重庆,毕节,0.1298859462
曲靖,毕节,0.1228541579999999
铜仁,毕节,0.081567567
泸州,毕节,0.09311576616
长沙,永州,0.7538665139999998
东莞,永州,0.2806336497599999
广州,永州,0.2597029970399999
衡阳,永州,0.3574517299199998
深圳,永州,0.1905057889199998
佛山,永州,0.16027740864
郴州,永州,0.2243283498
桂林,永州,0.19851093144
邵阳,永州,0.17700556752
株洲,永州,0.0872987641199999
西安,汉中,0.8272053007200001
安康,汉中,0.1331867383199999
咸阳,汉中,0.1128079386
成都,汉中,0.09453938976
宝鸡,汉中,0.09871011216
深圳,汕头,0.6497845790399999
广州,汕头,0.6111354873600001
揭阳,汕头,1.1839633531199998
潮州,汕头,1.0136642615999998
东莞,汕头,0.14463039888
惠州,汕头,0.14818568976
佛山,汕头,0.08822473344
梅州,汕头,0.20213419104
漳州,汕头,0.27009399456
汕尾,汕头,0.09086504832
赣州,汕头,0.24653407536
深圳,汕尾,0.8214156766799999
惠州,汕尾,0.4353229267199999
广州,汕尾,0.3260521025999999
东莞,汕尾,0.2010959654399998
揭阳,汕尾,0.1408908686399999
汕头,汕尾,0.0911579281199999
广州,江门,1.95560722548
佛山,江门,1.41969372624
中山,江门,1.18798303644
东莞,江门,0.7062980036400001
深圳,江门,0.6619305290399998
珠海,江门,0.5007746754000001
惠州,江门,0.1354479246
肇庆,江门,0.3111092064
阳江,江门,0.3121027556399999
湛江,江门,0.1189710439199999
茂名,江门,0.1547787042
云浮,江门,0.24783533064
清远,江门,0.13449614544
梧州,江门,0.1116539964
贵港,江门,0.10807285032
合肥,池州,0.44510680008
安庆,池州,0.31265747928
上海,池州,0.11702157804
芜湖,池州,0.1324138363199999
铜陵,池州,0.1999567036799999
杭州,池州,0.08710360596
南京,池州,0.0871089066
铁岭,沈阳,1.4714195486399997
大连,沈阳,0.8160327536399999
抚顺,沈阳,0.9633939606000002
鞍山,沈阳,0.8068236465599999
辽阳,沈阳,0.6788251072800001
本溪,沈阳,0.68784738624
北京,沈阳,0.26731492992
锦州,沈阳,0.8923020264
营口,沈阳,0.60497106012
长春,沈阳,0.2692368460799998
盘锦,沈阳,0.3334625431199999
阜新,沈阳,0.55980783828
哈尔滨,沈阳,0.2005789067999999
丹东,沈阳,0.61517815848
通辽,沈阳,0.2220377896799999
葫芦岛,沈阳,0.5611595597999999
朝阳,沈阳,0.6920517916800001
天津,沈阳,0.09342633636
四平,沈阳,0.1492158995999999
赤峰,沈阳,0.11431673532
通化,沈阳,0.1260498542399999
吉林,沈阳,0.09772870968
天津,沧州,1.522205946
北京,沧州,0.9977244174
石家庄,沧州,0.4892269428
廊坊,沧州,0.4502433762
保定,沧州,0.551886534
德州,沧州,0.287122482
衡水,沧州,0.37066005
唐山,沧州,0.1608854886
济南,沧州,0.0878729309999999
滨州,沧州,0.0820706742
南宁,河池,1.3935720232800004
柳州,河池,0.54732294864
百色,河池,0.1923915823199999
来宾,河池,0.10424452788
桂林,河池,0.0987552388799999
惠州,河源,1.17361014048
深圳,河源,0.9237153816
广州,河源,0.6215524048800002
东莞,河源,0.58320985284
佛山,河源,0.15811007544
梅州,河源,0.19803784932
赣州,河源,0.12644789472
厦门,泉州,3.04603655436
福州,泉州,1.0247740077599998
漳州,泉州,0.8540908855199998
莆田,泉州,0.67432272228
三明,泉州,0.6506623792799999
深圳,泉州,0.1354757367599999
龙岩,泉州,0.4083945253199999
东莞,泉州,0.08212702428
宁德,泉州,0.1671196244399999
南平,泉州,0.1829442542399999
赣州,泉州,0.34821669312
抚州,泉州,0.0910255773599999
上饶,泉州,0.0882462146399999
吉安,泉州,0.1065839309999999
济南,泰安,1.9118895912
青岛,泰安,0.4499966923199999
济宁,泰安,0.47653633584
淄博,泰安,0.2330905571999999
北京,泰安,0.20392668864
临沂,泰安,0.27402874776
潍坊,泰安,0.1867707525599999
天津,泰安,0.09014156928
聊城,泰安,0.1423346255999998
烟台,泰安,0.10747252368
菏泽,泰安,0.1479445624799998
滨州,泰安,0.09058040784
德州,泰安,0.11470496184
南京,泰州,0.7644214133999999
无锡,泰州,0.7462528801199999
苏州,泰州,0.72228230712
扬州,泰州,0.7141014529199999
常州,泰州,0.4689786924
上海,泰州,0.4443888549600001
南通,泰州,0.48202653852
盐城,泰州,0.4660391861999999
镇江,泰州,0.17811680652
淮安,泰州,0.12279997548
徐州,泰州,0.08923587912
成都,泸州,0.93112761384
重庆,泸州,0.7699335638400001
遵义,泸州,0.40153918752
宜宾,泸州,0.4619470046399998
贵阳,泸州,0.10020423816
内江,泸州,0.15346892448
自贡,泸州,0.18005370768
毕节,泸州,0.0930988792799999
郑州,洛阳,1.94012179776
三门峡,洛阳,0.5365216926
平顶山,洛阳,0.3854176052399998
焦作,洛阳,0.2988453171599999
西安,洛阳,0.1946732778
南阳,洛阳,0.24541452576
新乡,洛阳,0.181896921
许昌,洛阳,0.14694723216
北京,洛阳,0.0970943921999999
周口,洛阳,0.174360033
济源,洛阳,0.12417104628
开封,洛阳,0.14985084888
商丘,洛阳,0.12789632376
驻马店,洛阳,0.1100885353199999
安阳,洛阳,0.0891626875199999
信阳,洛阳,0.08010993636
青岛,济南,0.80206577784
淄博,济南,0.97999746048
泰安,济南,1.91076113808
德州,济南,2.04292330416
潍坊,济南,1.03206048588
北京,济南,0.3821109033599999
滨州,济南,0.6993237481200001
济宁,济南,1.1063967228000002
聊城,济南,1.1313848988
临沂,济南,0.8489050614
烟台,济南,0.6253237000799999
天津,济南,0.21364211376
东营,济南,0.286772805
菏泽,济南,1.06592413644
威海,济南,0.24259167252
日照,济南,0.27863390556
上海,济南,0.0925326147599999
枣庄,济南,0.33270602904
沧州,济南,0.0871232306399999
邢台,济南,0.08579645712
邯郸,济南,0.0823640724
济南,济宁,1.10730795336
青岛,济宁,0.46645650792
枣庄,济宁,0.6119595813600001
菏泽,济宁,0.62945194608
临沂,济宁,0.42165413784
泰安,济宁,0.47665237644
北京,济宁,0.17387420796
徐州,济宁,0.24993272844
潍坊,济宁,0.16769209032
淄博,济宁,0.1275136019999999
烟台,济宁,0.0998793828
日照,济宁,0.0883183824
聊城,济宁,0.0955758365999999
郑州,济源,0.17165269872
焦作,济源,0.1833546326399999
洛阳,济源,0.1242143942399998
澄迈县,海口,0.78040563912
三亚,海口,0.39129553872
文昌,海口,0.8380898992800001
儋州,海口,0.59677824384
琼海,海口,0.3814413444
定安县,海口,0.4590279849599999
万宁,海口,0.52672431816
临高县,海口,0.4950503503200001
湛江,海口,0.14817978
东方,海口,0.22677872616
济南,淄博,0.98034743556
滨州,淄博,0.7532937468
青岛,淄博,0.4161844216800001
潍坊,淄博,0.6214350715199999
东营,淄博,0.18762732108
临沂,淄博,0.28956009924
烟台,淄博,0.194941647
北京,淄博,0.09869919984
泰安,淄博,0.2333483089199999
济宁,淄博,0.12739510872
威海,淄博,0.10642873824
德州,淄博,0.1342128268799999
日照,淄博,0.08272155456
聊城,淄博,0.0930864214799999
菏泽,淄博,0.0884601324
宿州,淮北,0.7586233524
合肥,淮北,0.3268512907199999
亳州,淮北,0.18163503504
徐州,淮北,0.1159104168
蚌埠,淮北,0.08298515448
商丘,淮北,0.08240776704
阜阳,淮北,0.08341145424
合肥,淮南,1.93656594312
六安,淮南,0.3290043906
上海,淮南,0.2257684325999999
阜阳,淮南,0.29310677172
蚌埠,淮南,0.1818176284799998
南京,淮南,0.08743891032
亳州,淮南,0.1324149087599999
滁州,淮南,0.1099885392
南京,淮安,1.3866085763999998
苏州,淮安,0.61928597952
无锡,淮安,0.38099967408
扬州,淮安,0.41485528296
常州,淮安,0.33349713336
上海,淮安,0.31347941544
宿迁,淮安,0.61053122088
镇江,淮安,0.1878829019999999
盐城,淮安,0.2993768035199999
南通,淮安,0.1633885214399999
连云港,淮安,0.2817368827199999
徐州,淮安,0.19148099328
泰州,淮安,0.1227628353599999
滁州,淮安,0.1313882467199999
东莞,深圳,8.53345139904
广州,深圳,4.470397315920001
惠州,深圳,7.683962667839999
佛山,深圳,1.85085157788
中山,深圳,0.62410485096
珠海,深圳,0.4452560053199998
汕尾,深圳,0.81994893192
江门,深圳,0.65943132912
河源,深圳,0.9209468696399998
揭阳,深圳,0.8164099479600001
梅州,深圳,1.03489719012
长沙,深圳,0.27096893388
上海,深圳,0.1656066124799999
北京,深圳,0.15551689608
汕头,深圳,0.6477432785999999
肇庆,深圳,0.3879751543199999
湛江,深圳,0.3367977893999999
清远,深圳,0.53525052396
武汉,深圳,0.1452339460799999
茂名,深圳,0.51012284976
赣州,深圳,0.59123120508
重庆,深圳,0.1650752200799999
厦门,深圳,0.10492338888
成都,深圳,0.1159351217999999
杭州,深圳,0.0918260809199999
韶关,深圳,0.34946032176
南昌,深圳,0.1008005472
南宁,深圳,0.1509109704
衡阳,深圳,0.25510973328
潮州,深圳,0.16885990296
泉州,深圳,0.1337391291599999
郴州,深圳,0.21489579288
邵阳,深圳,0.23192270892
云浮,深圳,0.34019600508
阳江,深圳,0.30808282284
桂林,深圳,0.13364251236
吉安,深圳,0.28800000684
永州,深圳,0.18874948536
宜春,深圳,0.13456452888
株洲,深圳,0.1496024866799999
玉林,深圳,0.21276190944
岳阳,深圳,0.1465465867199999
九江,深圳,0.1044403048799999
怀化,深圳,0.09240993864
常德,深圳,0.11244444624
梧州,深圳,0.1054106298
荆州,深圳,0.09338026356
黄冈,深圳,0.1625548694399999
娄底,深圳,0.0923616302399999
贵港,深圳,0.10938854628
益阳,深圳,0.0853278138
抚州,深圳,0.10133609652
广州,清远,3.487809287520001
佛山,清远,1.78616584296
东莞,清远,0.7176790382400001
深圳,清远,0.5380179019200001
中山,清远,0.3468831609600001
韶关,清远,0.27638691696
珠海,清远,0.1397471032799999
江门,清远,0.13448537568
肇庆,清远,0.1894897281599999
惠州,清远,0.14765543136
郴州,清远,0.08523567144
台州,温州,1.08786561732
杭州,温州,0.98956802196
金华,温州,0.8062442697600002
宁波,温州,0.5045473476000001
丽水,温州,1.00412777196
上海,温州,0.31481000244
宁德,温州,0.3465893901599999
绍兴,温州,0.21070171332
嘉兴,温州,0.16615037844
苏州,温州,0.12471025356
福州,温州,0.0920308165199998
湖州,温州,0.09250597872
衢州,温州,0.2072871486
上饶,温州,0.292518216
南平,温州,0.0926606141999999
九江,温州,0.1256049633599999
抚州,温州,0.1080995187599999
宜春,温州,0.08886399192
西安,渭南,4.449632023079999
咸阳,渭南,0.4825399229999998
铜川,渭南,0.1622805159599999
延安,渭南,0.1845048261599999
宝鸡,渭南,0.1261612130399999
运城,渭南,0.1169486164799998
商洛,渭南,0.0983145567599999
杭州,湖州,1.89520409016
上海,湖州,0.9089075286
嘉兴,湖州,0.7215597871199999
苏州,湖州,0.64085360652
宁波,湖州,0.41655399876
绍兴,湖州,0.2316926915999999
金华,湖州,0.19398215988
无锡,湖州,0.15807461688
宣城,湖州,0.453896217
台州,湖州,0.1009371942
常州,湖州,0.0977409503999999
南京,湖州,0.12413065644
温州,湖州,0.0921343572
合肥,湖州,0.08365213116
安庆,湖州,0.08704398348
长沙,湘潭,2.77421649516
株洲,湘潭,0.6267503466
娄底,湘潭,0.3598358094
衡阳,湘潭,0.26416710792
岳阳,湘潭,0.1552559691599999
邵阳,湘潭,0.15462684216
益阳,湘潭,0.1352136855599999
常德,湘潭,0.0950296244399999
广州,湛江,1.0574896809600005
茂名,湛江,0.7697377641599998
佛山,湛江,0.3940081056
深圳,湛江,0.3381701529599999
东莞,湛江,0.2296541807999999
中山,湛江,0.1639137772799999
珠海,湛江,0.13514695776
海口,湛江,0.1485830303999999
玉林,湛江,0.23822823168
南宁,湛江,0.12544971552
江门,湛江,0.11951364672
北海,湛江,0.09716132736
阳江,湛江,0.10713801312
南京,滁州,1.54468375056
合肥,滁州,1.3226573754
苏州,滁州,0.39792842136
上海,滁州,0.37624032792
蚌埠,滁州,0.4673941056
无锡,滁州,0.223102512
扬州,滁州,0.24562315908
常州,滁州,0.1774807005599999
杭州,滁州,0.1307688429599999
镇江,滁州,0.1196671482
芜湖,滁州,0.1374184439999999
马鞍山,滁州,0.14245167708
南通,滁州,0.0906674309999999
宁波,滁州,0.0818238283199999
淮南,滁州,0.10995390036
淮安,滁州,0.1315312279199999
宿州,滁州,0.1050520428
济南,滨州,0.69997437576
淄博,滨州,0.75343919688
东营,滨州,0.5220506894399999
天津,滨州,0.2251847368799999
青岛,滨州,0.2059095006
北京,滨州,0.1369556035199998
潍坊,滨州,0.21132884448
德州,滨州,0.1786150278
烟台,滨州,0.1024704432
沧州,滨州,0.082376028
临沂,滨州,0.08323374348
泰安,滨州,0.09073413936
郑州,漯河,0.6655316270399999
许昌,漯河,0.3215763633599999
平顶山,漯河,0.25551735768
驻马店,漯河,0.31487941944
周口,漯河,0.27965513088
厦门,漳州,3.01626532188
泉州,漳州,0.8538426820799999
福州,漳州,0.37590286248
汕头,漳州,0.2701132887599997
龙岩,漳州,0.3209257681199999
潮州,漳州,0.1069977405599999
三明,漳州,0.1292378814
莆田,漳州,0.0922294382399999
青岛,潍坊,1.9625035752000004
济南,潍坊,1.03213858284
淄博,潍坊,0.6213963276
烟台,潍坊,0.51633058284
东营,潍坊,0.35692360344
北京,潍坊,0.1904276660399999
临沂,潍坊,0.48580856784
日照,潍坊,0.39316590972
滨州,潍坊,0.21124836612
威海,潍坊,0.14580360936
泰安,潍坊,0.1865866914
济宁,潍坊,0.16733476368
菏泽,潍坊,0.16422710796
德州,潍坊,0.14634307908
聊城,潍坊,0.13541496084
武汉,潜江,0.29582066376
荆州,潜江,0.21303006804
汕头,潮州,1.0138695998399998
广州,潮州,0.26830802232
深圳,潮州,0.16957093068
揭阳,潮州,0.2394547855199998
漳州,潮州,0.10695942432
梅州,潮州,0.1426855370399999
赣州,潮州,0.13416280776
郑州,濮阳,0.6622717787999999
安阳,濮阳,0.4843925031599999
北京,濮阳,0.2047019655599999
聊城,濮阳,0.35361576108
新乡,濮阳,0.14985533952
邯郸,濮阳,0.1123508069999999
菏泽,濮阳,0.09911833272
青岛,烟台,1.7092154444400005
威海,烟台,0.98504051076
济南,烟台,0.6261653322
潍坊,烟台,0.5162429213999999
北京,烟台,0.2342844064799999
淄博,烟台,0.19497570912
东营,烟台,0.10958364936
临沂,烟台,0.19926937332
滨州,烟台,0.10251226512
泰安,烟台,0.10769308992
日照,烟台,0.09058586724
济宁,烟台,0.09999295452
德州,烟台,0.0883293044399999
聊城,烟台,0.08125977024
菏泽,烟台,0.09344212164
郑州,焦作,1.4831765366399998
新乡,焦作,0.48237847704
洛阳,焦作,0.29901301632
济源,焦作,0.18324765432
开封,焦作,0.09880803792
安阳,焦作,0.10214088984
哈尔滨,牡丹江,0.3600013928399999
鸡西,牡丹江,0.1171051765199999
南宁,玉林,1.4800604083200002
佛山,玉林,0.3142896908399999
东莞,玉林,0.2772437025599999
柳州,玉林,0.2653399360799998
贵港,玉林,0.4488695352
广州,玉林,0.2259560026799998
深圳,玉林,0.21547165428
湛江,玉林,0.2381808013199999
中山,玉林,0.1517094522
北海,玉林,0.22662780372
钦州,玉林,0.19138172292
茂名,玉林,0.18447340788
梧州,玉林,0.15202602936
桂林,玉林,0.1194151571999999
昆明,玉溪,1.56967175484
普洱,玉溪,0.10294889076
曲靖,玉溪,0.13962763476
中山,珠海,1.76262315732
广州,珠海,1.0223138498400002
深圳,珠海,0.44549595648
佛山,珠海,0.47606665572
东莞,珠海,0.3220838542799999
江门,珠海,0.5006936041200001
惠州,珠海,0.1613586582
湛江,珠海,0.13499143776
肇庆,珠海,0.1627785784799999
茂名,珠海,0.1603227005999999
阳江,珠海,0.23440460076
清远,珠海,0.13986851256
云浮,珠海,0.1148046857999999
海口,琼海,0.3818296908
长春,白城,0.405949158
松原,白城,0.1890174204
兴安盟,白城,0.16655560848
长春,白山,0.2538697107599998
通化,白山,0.1481993042399998
兰州,白银,0.94626780984
定西,白银,0.1079642001599999
南宁,百色,1.22590008252
河池,百色,0.19251030888
崇左,百色,0.1257495354
长沙,益阳,3.4252261344
岳阳,益阳,0.37730064708
常德,益阳,0.3403668373199999
株洲,益阳,0.18976429872
湘潭,益阳,0.13530303828
娄底,益阳,0.17104127184
深圳,益阳,0.08645234976
衡阳,益阳,0.0822712204799999
苏州,盐城,1.02522600396
南京,盐城,0.8108042166
上海,盐城,0.7111125205200001
无锡,盐城,0.60787984788
南通,盐城,0.60423216192
常州,盐城,0.34617870072
泰州,盐城,0.46601738424
扬州,盐城,0.23905657008
淮安,盐城,0.2992963121999999
连云港,盐城,0.289901835
镇江,盐城,0.1112525377199999
徐州,盐城,0.1416310984799998
宿迁,盐城,0.14146178904
沈阳,盘锦,0.33380601552
锦州,盘锦,0.32086246176
鞍山,盘锦,0.2275602336
大连,盘锦,0.1355354207999999
营口,盘锦,0.19243932048
成都,眉山,3.4900876522800006
乐山,眉山,0.56701892808
重庆,眉山,0.1588979851199999
内江,眉山,0.16379290908
德阳,眉山,0.09859329396
雅安,眉山,0.1060378775999999
绵阳,眉山,0.09475463592
资阳,眉山,0.0830789946
银川,石嘴山,0.93032738568
北京,石家庄,1.11520585512
保定,石家庄,1.6842074720399998
邢台,石家庄,1.82401318044
天津,石家庄,0.36776463696
邯郸,石家庄,0.9305678034
衡水,石家庄,0.8483031115199999
沧州,石家庄,0.48882225708
廊坊,石家庄,0.25743271608
唐山,石家庄,0.2254100043599999
张家口,石家庄,0.2484573782399999
太原,石家庄,0.11521667124
阳泉,石家庄,0.0969614225999999
秦皇岛,石家庄,0.1082089756799999
承德,石家庄,0.1284882782399999
晋中,石家庄,0.08009183448
厦门,福州,0.58613430924
泉州,福州,1.02437423064
宁德,福州,1.3811818420800002
莆田,福州,0.85868831916
南平,福州,1.16097160032
三明,福州,0.93350706984
漳州,福州,0.37584849204
上海,福州,0.10367656236
温州,福州,0.0917227637999999
龙岩,福州,0.4646823227999999
上饶,福州,0.1243928015999999
抚州,福州,0.11223207396
北京,秦皇岛,0.63431449272
唐山,秦皇岛,0.61841441304
天津,秦皇岛,0.31532871024
廊坊,秦皇岛,0.1086665608799999
石家庄,秦皇岛,0.10899286128
葫芦岛,秦皇岛,0.20821857408
承德,秦皇岛,0.10624812768
保定,秦皇岛,0.0851273712
杭州,绍兴,2.9626803939600004
宁波,绍兴,1.2804330409199998
上海,绍兴,0.62289661932
金华,绍兴,0.7483542696000001
嘉兴,绍兴,0.41036933124
台州,绍兴,0.26694495756
苏州,绍兴,0.21909444084
温州,绍兴,0.2104819182
湖州,绍兴,0.2320423945199998
舟山,绍兴,0.0966974824799999
丽水,绍兴,0.0847501736399999
衢州,绍兴,0.09329385924
哈尔滨,绥化,1.48811592636
大庆,绥化,0.69520965444
齐齐哈尔,绥化,0.09928935612
伊春,绥化,0.0861048403199999
成都,绵阳,2.8956167064
德阳,绵阳,0.6677038558799999
重庆,绵阳,0.3110884704
广元,绵阳,0.4048303373999999
遂宁,绵阳,0.3689887446
南充,绵阳,0.26849043108
眉山,绵阳,0.0949575798
乐山,绵阳,0.0828728496
济南,聊城,1.1322171576
北京,聊城,0.3369820644
青岛,聊城,0.264623436
濮阳,聊城,0.3536858682
德州,聊城,0.2917817963999998
天津,聊城,0.143397216
潍坊,聊城,0.1355714334
邯郸,聊城,0.1531849644
邢台,聊城,0.156396258
淄博,聊城,0.0930923442
泰安,聊城,0.1424451258
烟台,聊城,0.081469719
菏泽,聊城,0.1072374875999999
济宁,聊城,0.0958091975999999
佛山,肇庆,3.0771259938000006
广州,肇庆,1.6064636072400005
中山,肇庆,0.62726470956
东莞,肇庆,0.5073806044800001
深圳,肇庆,0.3885188328000001
江门,肇庆,0.31060203948
云浮,肇庆,0.44555775624
珠海,肇庆,0.1627773894
清远,肇庆,0.1900673586
惠州,肇庆,0.12836825892
梧州,肇庆,0.11310955344
茂名,肇庆,0.1102047055199999
成都,自贡,1.2722251618800002
重庆,自贡,0.29213950212
宜宾,自贡,0.2857855219199999
内江,自贡,0.34775747172
泸州,自贡,0.18000368856
乐山,自贡,0.12062742912
宁波,舟山,0.7007119423200001
杭州,舟山,0.29637777528
上海,舟山,0.27084004344
绍兴,舟山,0.097001226
苏州,舟山,0.0804664368
金华,舟山,0.0865357279199998
台州,舟山,0.08357499
合肥,芜湖,1.10782704024
上海,芜湖,0.3715293355200001
南京,芜湖,0.4125107412
马鞍山,芜湖,0.54487788264
宣城,芜湖,0.4587082488
铜陵,芜湖,0.25224033096
杭州,芜湖,0.1556223191999999
苏州,芜湖,0.1522106510399999
无锡,芜湖,0.08827001568
安庆,芜湖,0.17808750072
池州,芜湖,0.1320119532
滁州,芜湖,0.13752032256
六安,芜湖,0.10896461496
黄山,芜湖,0.0818507916
阜阳,芜湖,0.09173208528
上海,苏州,5.060234903040001
无锡,苏州,2.85238832832
南京,苏州,1.2397697028
嘉兴,苏州,0.7783233948
南通,苏州,1.3979905927199998
常州,苏州,0.87489937404
宁波,苏州,0.54138435264
杭州,苏州,0.8322068368800001
湖州,苏州,0.64006550892
盐城,苏州,1.02532522896
泰州,苏州,0.72062555904
镇江,苏州,0.4447202616
合肥,苏州,0.3407168934
徐州,苏州,0.47028973572
扬州,苏州,0.54236980836
绍兴,苏州,0.2178277563599999
金华,苏州,0.18184409928
淮安,苏州,0.6181509880800001
台州,苏州,0.1440683658
宿迁,苏州,0.4258135137599999
北京,苏州,0.11430059688
连云港,苏州,0.3570752937599999
温州,苏州,0.12290172444
六安,苏州,0.27518678856
滁州,苏州,0.39723207084
芜湖,苏州,0.15074787528
宣城,苏州,0.18098765712
宿州,苏州,0.2443412563199999
马鞍山,苏州,0.1159589358
阜阳,苏州,0.11966423868
信阳,苏州,0.1273129488
蚌埠,苏州,0.0999388108799999
商丘,苏州,0.15277386024
亳州,苏州,0.09957955644
安庆,苏州,0.10914149304
广州,茂名,1.0595539044
东莞,茂名,0.5349740256000001
深圳,茂名,0.51159292848
湛江,茂名,0.76967779176
佛山,茂名,0.4515973300799999
中山,茂名,0.20892024792
珠海,茂名,0.16013174472
江门,茂名,0.1547414215199999
阳江,茂名,0.18987769872
玉林,茂名,0.18432397584
肇庆,茂名,0.11049123816
云浮,茂名,0.0890982892799999
武汉,荆州,1.6857641754
宜昌,荆州,0.4881021022799999
长沙,荆州,0.28403871156
岳阳,荆州,0.23988167496
孝感,荆州,0.19211527188
潜江,荆州,0.21307586868
荆门,荆州,0.23840408268
常德,荆州,0.1665911836799999
深圳,荆州,0.09532384236
仙桃,荆州,0.1544886464399999
广州,荆州,0.0811944972
襄阳,荆州,0.09125394552
福州,莆田,0.8589484684800001
厦门,莆田,0.5151221308799999
泉州,莆田,0.67422535056
漳州,莆田,0.0925840108799999
三明,莆田,0.1043462217599999
济南,菏泽,1.0658441376
青岛,菏泽,0.5339493756
济宁,菏泽,0.6293823638399999
北京,菏泽,0.3225590164799999
天津,菏泽,0.15063026004
潍坊,菏泽,0.1646204925599999
郑州,菏泽,0.1442639386799999
上海,菏泽,0.12035199348
商丘,菏泽,0.19385519076
临沂,菏泽,0.1370515301999998
泰安,菏泽,0.1479578497199999
烟台,菏泽,0.0934719588
淄博,菏泽,0.08817798672
开封,菏泽,0.12797691876
徐州,菏泽,0.08743079736
濮阳,菏泽,0.09926619012
聊城,菏泽,0.1071370314
长沙,萍乡,0.3206098357199999
南昌,萍乡,0.29021393124
宜春,萍乡,0.2278104879599999
株洲,萍乡,0.17078190336
吉安,萍乡,0.08608525776
沈阳,营口,0.60551192304
大连,营口,0.49718808612
鞍山,营口,0.3682957798799999
盘锦,营口,0.19232198388
沈阳,葫芦岛,0.5618331849599999
北京,葫芦岛,0.2948183406
锦州,葫芦岛,0.36155085156
秦皇岛,葫芦岛,0.20825995212
天津,葫芦岛,0.1228941590399999
大连,葫芦岛,0.1166674298399999
朝阳,葫芦岛,0.1306249448399999
合肥,蚌埠,0.81289838088
上海,蚌埠,0.21194881848
滁州,蚌埠,0.4677795522
南京,蚌埠,0.21304187136
宿州,蚌埠,0.29258847216
淮南,蚌埠,0.1818727959599999
苏州,蚌埠,0.10204797312
杭州,蚌埠,0.08470166112
亳州,蚌埠,0.1527138554399999
阜阳,蚌埠,0.1247840154
淮北,蚌埠,0.08300512584
北京,衡水,0.8163355316400001
石家庄,衡水,0.8485366766399999
天津,衡水,0.3732466294799998
德州,衡水,0.3698473996799999
沧州,衡水,0.3706589127599999
保定,衡水,0.3428378038799999
廊坊,衡水,0.1682450157599999
邢台,衡水,0.2477603797199999
张家口,衡水,0.1254248096399998
唐山,衡水,0.1139853027599998
邯郸,衡水,0.1163200661999999
长沙,衡阳,1.86405997896
广州,衡阳,0.5544770954399999
株洲,衡阳,0.43904153304
郴州,衡阳,0.4382671276799998
东莞,衡阳,0.2521329443999999
深圳,衡阳,0.2566114603199999
佛山,衡阳,0.1953664336799999
湘潭,衡阳,0.2638091656799999
永州,衡阳,0.3575756858399999
邵阳,衡阳,0.2372854435199999
中山,衡阳,0.0963163288799999
娄底,衡阳,0.1539873633599999
岳阳,衡阳,0.1142984455199999
益阳,衡阳,0.0822028499999999
杭州,衢州,1.0472975028000002
金华,衢州,0.8454406265999999
温州,衢州,0.2073754548
宁波,衢州,0.2052331181999999
上海,衢州,0.1003144824
台州,衢州,0.0994019526
丽水,衢州,0.132111243
绍兴,衢州,0.0936874836
上饶,衢州,0.2080846098
武汉,襄阳,1.0982506823999998
十堰,襄阳,0.47872363068
南阳,襄阳,0.28018415484
随州,襄阳,0.2456403699599999
宜昌,襄阳,0.1879696529999999
荆门,襄阳,0.18302061456
孝感,襄阳,0.1156725748799999
荆州,襄阳,0.09126941652
海东,西宁,1.38758426352
海南藏族自治州,西宁,0.3269404944
兰州,西宁,0.2076730487999999
西安,西宁,0.0820113983999999
咸阳,西安,6.761491251840001
渭南,西安,4.447725396480001
延安,西安,1.10119204512
宝鸡,西安,2.44184923728
榆林,西安,0.7792743607200001
商洛,西安,1.7413002248399998
安康,西安,0.92298961512
汉中,西安,0.82657152432
北京,西安,0.31227057144
铜川,西安,0.62767979568
成都,西安,0.2911334756399999
兰州,西安,0.2510837578799999
重庆,西安,0.2427482973599999
庆阳,西安,0.3049709227199999
郑州,西安,0.2333891361599999
运城,西安,0.3994040469599999
上海,西安,0.13925095884
天水,西安,0.2713844573999999
三门峡,西安,0.18382928616
洛阳,西安,0.19300625892
平凉,西安,0.1860276585599999
南阳,西安,0.1601988710399998
太原,西安,0.0928004234399998
临汾,西安,0.1219519313999999
西宁,西安,0.0816384841199999
银川,西安,0.0819525373199999
十堰,西安,0.10835910756
郑州,许昌,1.8721395248400008
平顶山,许昌,0.48208280436
漯河,许昌,0.32141230272
周口,许昌,0.21950180928
开封,许昌,0.1922531403599999
洛阳,许昌,0.1471213043999999
新乡,许昌,0.09814316076
南阳,许昌,0.11863983816
驻马店,许昌,0.098328735
南宁,贵港,1.0469017335600002
佛山,贵港,0.5911743528000001
中山,贵港,0.3920969138399999
柳州,贵港,0.31951079208
玉林,贵港,0.44878836348
广州,贵港,0.2053555383599999
东莞,贵港,0.15363167292
梧州,贵港,0.1862376688799999
深圳,贵港,0.11183419548
江门,贵港,0.1084006476
来宾,贵港,0.15748084152
桂林,贵港,0.1096649539199999
毕节,贵阳,2.7182563686
遵义,贵阳,2.2521255876
安顺,贵阳,1.2282593922
铜仁,贵阳,0.9411054822000002
六盘水,贵阳,0.6823812600000001
重庆,贵阳,0.4883374655999999
成都,贵阳,0.1803487356
昆明,贵阳,0.091662273
泸州,贵阳,0.0993773285999999
佛山,贺州,0.1921838140799999
梧州,贺州,0.23223009744
桂林,贺州,0.2320128035999999
南宁,贺州,0.15855285384
中山,贺州,0.1037734545599999
广州,贺州,0.1077501333599999
柳州,贺州,0.08635108032
成都,资阳,2.589040422
重庆,资阳,0.50971275
内江,资阳,0.280893582
遂宁,资阳,0.089688384
眉山,资阳,0.0830833848
广州,赣州,0.9332303544000002
南昌,赣州,0.7900383535200002
东莞,赣州,0.6563600618400001
深圳,赣州,0.59293851336
泉州,赣州,0.3481315653600001
厦门,赣州,0.32117792112
惠州,赣州,0.32499120672
汕头,赣州,0.24631943184
佛山,赣州,0.228482208
揭阳,赣州,0.2180890915199999
梅州,赣州,0.19927955664
潮州,赣州,0.1336849596
吉安,赣州,0.56115441144
河源,赣州,0.12630361752
九江,赣州,0.14860011168
中山,赣州,0.0959089766399999
韶关,赣州,0.13273597656
宜春,赣州,0.18810603432
抚州,赣州,0.1713973413599999
龙岩,赣州,0.09238910544
上饶,赣州,0.09882729648
北京,赤峰,0.38563087824
通辽,赤峰,0.2330124926399999
朝阳,赤峰,0.26554044672
沈阳,赤峰,0.11461309164
呼和浩特,赤峰,0.10968865452
天津,赤峰,0.1011256034399999
承德,赤峰,0.12153024864
长春,辽源,0.2680090934399999
通化,辽源,0.1290030623999998
沈阳,辽阳,0.6789766323599999
鞍山,辽阳,0.43038952776
大连,辽阳,0.1284872122799998
成都,达州,1.2189558553199995
重庆,达州,1.11737603628
巴中,达州,0.21978902232
南充,达州,0.1635067198799999
广安,达州,0.14850346896
太原,运城,0.48088874124
临汾,运城,0.62231597244
西安,运城,0.40113456012
北京,运城,0.1865647889999999
晋中,运城,0.1057382812799999
郑州,运城,0.0830806794
渭南,运城,0.11713686048
三门峡,运城,0.11967392952
南京,连云港,0.452494998
苏州,连云港,0.3584913876
常州,连云港,0.22426072776
淮安,连云港,0.2817008604
盐城,连云港,0.2899198072799999
无锡,连云港,0.18948567168
宿迁,连云港,0.29148083928
临沂,连云港,0.25891358076
青岛,连云港,0.1621070528399999
徐州,连云港,0.28811869452
上海,连云港,0.14818545
南通,连云港,0.13682816136
扬州,连云港,0.12371426784
日照,连云港,0.08094266172
长春,通化,0.41166878832
沈阳,通化,0.1270243036799999
白山,通化,0.14816635344
吉林,通化,0.1117212717599999
辽源,通化,0.1289554344
沈阳,通辽,0.2226265397999999
赤峰,通辽,0.2330783585999999
兴安盟,通辽,0.1450336071599999
北京,通辽,0.0905666831999999
阜新,通辽,0.0871665397199999
成都,遂宁,1.7025650820000005
重庆,遂宁,0.46359944352
绵阳,遂宁,0.36893579976
南充,遂宁,0.1603539050399999
德阳,遂宁,0.1184085151199999
资阳,遂宁,0.08970505704
贵阳,遵义,2.25306105336
重庆,遵义,0.96205691304
毕节,遵义,0.5771673338400001
泸州,遵义,0.4014811979999999
铜仁,遵义,0.3435133535999999
成都,遵义,0.1352957320799999
安顺,遵义,0.12693562488
六盘水,遵义,0.0965339272799999
石家庄,邢台,1.8244771938
北京,邢台,0.7536991679999999
邯郸,邢台,0.6576747372
天津,邢台,0.2671316658
衡水,邢台,0.2479585121999999
保定,邢台,0.1990672362
廊坊,邢台,0.1098430146
聊城,邢台,0.1563672437999999
济南,邢台,0.0869911811999999
北京,邯郸,1.23556029156
石家庄,邯郸,0.93046189104
天津,邯郸,0.53372194704
邢台,邯郸,0.6578026750799999
安阳,邯郸,0.3050837816399999
保定,邯郸,0.2095299414
廊坊,邯郸,0.13800239244
聊城,邯郸,0.1528501978799999
郑州,邯郸,0.1061197426799999
青岛,邯郸,0.0807413540399999
济南,邯郸,0.08258755464
长治,邯郸,0.0904138038
濮阳,邯郸,0.1124359250399999
衡水,邯郸,0.1159455967199998
长沙,邵阳,1.9089107060400008
娄底,邵阳,0.4555246312800001
深圳,邵阳,0.2325253327200001
怀化,邵阳,0.29101338504
东莞,邵阳,0.2171945988
广州,邵阳,0.2024586090000001
株洲,邵阳,0.21002956236
衡阳,邵阳,0.23745312972
湘潭,邵阳,0.15495281208
永州,邵阳,0.17711353404
桂林,邵阳,0.12955991148
新乡,郑州,2.4313533350400003
开封,郑州,3.026670462
洛阳,郑州,1.94008184208
许昌,郑州,1.87054013448
周口,郑州,3.03795467568
焦作,郑州,1.48252786272
平顶山,郑州,1.4109259103999998
南阳,郑州,1.7247380543999995
商丘,郑州,1.86839795664
驻马店,郑州,1.41324965136
北京,郑州,0.32177461248
安阳,郑州,1.3650244156800002
信阳,郑州,0.96620441112
漯河,郑州,0.66393590112
西安,郑州,0.2348129995199999
三门峡,郑州,0.4664489263199999
濮阳,郑州,0.6603533424
上海,郑州,0.13605927048
鹤壁,郑州,0.42805250928
武汉,郑州,0.12347527248
济源,郑州,0.1704416904
晋城,郑州,0.1016358839999999
菏泽,郑州,0.14425381368
邯郸,郑州,0.1043200684799998
运城,郑州,0.0816942671999998
长沙,郴州,0.7710643238400001
广州,郴州,0.41177589948
东莞,郴州,0.3105577130399999
衡阳,郴州,0.43805743488
深圳,郴州,0.2179070747999999
韶关,郴州,0.2206100448
佛山,郴州,0.1225589421599999
株洲,郴州,0.16450987572
永州,郴州,0.22434070392
惠州,郴州,0.08442165384
清远,郴州,0.08559020844
榆林,鄂尔多斯,0.66205526256
呼和浩特,鄂尔多斯,0.5557223051999999
包头,鄂尔多斯,0.5877560232
乌海,鄂尔多斯,0.30144778884
巴彦淖尔,鄂尔多斯,0.31683591288
银川,鄂尔多斯,0.08497699632
忻州,鄂尔多斯,0.0870931439999999
乌兰察布,鄂尔多斯,0.11029001472
武汉,鄂州,1.08232761816
黄石,鄂州,0.46651374576
黄冈,鄂州,0.20809126152
嘉峪关,酒泉,0.3907520157599999
兰州,酒泉,0.1368171907199999
张掖,酒泉,0.20531679768
成都,重庆,2.7096861312
广安,重庆,1.7755040268000002
遵义,重庆,0.9612599184
达州,重庆,1.1170068804
贵阳,重庆,0.4880855556
昆明,重庆,0.343097451
泸州,重庆,0.769138659
南充,重庆,0.781941114
内江,重庆,0.5443620875999999
遂宁,重庆,0.463002156
西安,重庆,0.2438208054
绵阳,重庆,0.3099171617999999
武汉,重庆,0.1766885562
深圳,重庆,0.166858137
铜仁,重庆,0.2370716423999999
宜宾,重庆,0.3807190836
宜昌,重庆,0.2049483708
上海,重庆,0.1659068081999999
资阳,重庆,0.5091593255999999
北京,重庆,0.1615941089999999
广州,重庆,0.1403935253999999
德阳,重庆,0.176831262
巴中,重庆,0.2473248816
长沙,重庆,0.1219940838
自贡,重庆,0.2915758619999999
东莞,重庆,0.0802923192
毕节,重庆,0.1289123748
眉山,重庆,0.1586837465999999
杭州,重庆,0.0863420796
乐山,重庆,0.2035231434
昭通,重庆,0.0970974054
广元,重庆,0.1479583746
雅安,重庆,0.0847195362
杭州,金华,2.3302155492
宁波,金华,0.9167134370400002
绍兴,金华,0.7486559848800001
温州,金华,0.8061235732800001
台州,金华,0.6418115481600001
上海,金华,0.38906741664
丽水,金华,0.6525814377600001
衢州,金华,0.8455104064800002
嘉兴,金华,0.30501430632
苏州,金华,0.18343040328
湖州,金华,0.19412705592
上饶,金华,0.5577489705600002
舟山,金华,0.08629384896
景德镇,金华,0.1000251050399999
兰州,金昌,0.115066413
武威,金昌,0.1514342628
南宁,钦州,1.2422337001200003
北海,钦州,0.49396181724
防城港,钦州,0.3140960165999999
佛山,钦州,0.13584010068
东莞,钦州,0.1333857812399999
广州,钦州,0.10909450008
玉林,钦州,0.1915232979599999
沈阳,铁岭,1.47168517356
大连,铁岭,0.13121355888
四平,铁岭,0.14975084304
抚顺,铁岭,0.0904662626399999
贵阳,铜仁,0.94203730944
遵义,铜仁,0.34391999952
重庆,铜仁,0.23742144576
怀化,铜仁,0.13183371432
毕节,铜仁,0.08180305992
西安,铜川,0.6286407861599999
咸阳,铜川,0.14033229912
渭南,铜川,0.1624860518399999
合肥,铜陵,0.51358556736
安庆,铜陵,0.28208614176
芜湖,铜陵,0.2524015468799999
池州,铜陵,0.19992744
上海,铜陵,0.08987438592
南京,铜陵,0.0885432902399999
吴忠,银川,1.34329451652
石嘴山,银川,0.9300529674000002
中卫,银川,0.6992147804400001
固原,银川,0.54728622972
榆林,银川,0.16443486324
鄂尔多斯,银川,0.08474261148
兰州,银川,0.0815258131199999
西安,银川,0.0824725961999999
沈阳,锦州,0.89269070328
盘锦,锦州,0.32077530576
葫芦岛,锦州,0.36163997748
大连,锦州,0.1909095641999999
北京,锦州,0.1281719829599999
阜新,锦州,0.150008679
鞍山,锦州,0.09882572184
朝阳,锦州,0.1419925820399999
南京,镇江,1.5730392294
常州,镇江,0.9469193382
苏州,镇江,0.4451846994
无锡,镇江,0.3731504274
上海,镇江,0.2364552971999999
扬州,镇江,0.3578637996
泰州,镇江,0.1780943273999999
南通,镇江,0.1223247419999997
淮安,镇江,0.1881759438
盐城,镇江,0.1112921207999999
宿迁,镇江,0.09935784
滁州,镇江,0.119473785
吉林,长春,1.29277642032
四平,长春,1.7152753492800006
松原,长春,1.0905859537200002
哈尔滨,长春,0.35779564296
沈阳,长春,0.269058186
白城,长春,0.4053991809600001
北京,长春,0.1798219796399999
通化,长春,0.41147811108
大连,长春,0.14155087608
辽源,长春,0.2676449336399999
白山,长春,0.25377650244
株洲,长沙,2.42305654068
湘潭,长沙,2.77385327172
岳阳,长沙,3.92011133544
益阳,长沙,3.4244575966800004
衡阳,长沙,1.8624943299600003
常德,长沙,2.21645497932
邵阳,长沙,1.90774235232
娄底,长沙,2.0400423188400003
武汉,长沙,0.36432772272
深圳,长沙,0.2717829158399999
怀化,长沙,0.6787231768800002
广州,长沙,0.2839134985199999
永州,长沙,0.75368488284
郴州,长沙,0.7699152189599999
北京,长沙,0.14434986024
南昌,长沙,0.1694067696
张家界,长沙,0.42006496644
上海,长沙,0.13010999868
东莞,长沙,0.11290459752
萍乡,长沙,0.3202755454799999
宜春,长沙,0.26503703496
重庆,长沙,0.1219104917999999
荆州,长沙,0.28226260836
九江,长沙,0.08135005932
咸宁,长沙,0.0874699884
太原,长治,0.68203198152
晋城,长治,0.36177627132
晋中,长治,0.2323021647599999
北京,长治,0.13471291764
临汾,长治,0.12498010668
邯郸,长治,0.0904029886799999
安阳,长治,0.11055404556
沈阳,阜新,0.5605582806
大连,阜新,0.1114994224799998
锦州,阜新,0.150069834
通辽,阜新,0.08716696416
合肥,阜阳,1.2805349616
亳州,阜阳,0.6757260246
上海,阜阳,0.2714352282
淮南,阜阳,0.2930733576
杭州,阜阳,0.1627731288
周口,阜阳,0.2674972026
南京,阜阳,0.1393869546
六安,阜阳,0.2156374872
宁波,阜阳,0.1174173083999999
苏州,阜阳,0.1212210359999999
蚌埠,阜阳,0.1246935545999999
北京,阜阳,0.0954918557999999
常州,阜阳,0.0801294281999999
芜湖,阜阳,0.0918944676
驻马店,阜阳,0.1103642334
信阳,阜阳,0.1116321426
淮北,阜阳,0.0833014043999999
宿州,阜阳,0.0937996362
南宁,防城港,0.53690524704
钦州,防城港,0.314075556
北海,防城港,0.0966274595999999
广州,阳江,0.80807510628
佛山,阳江,0.42754797324
中山,阳江,0.33631373016
东莞,阳江,0.32052884868
深圳,阳江,0.31000723056
江门,阳江,0.31204560204
珠海,阳江,0.2346999656399999
茂名,阳江,0.19025577108
湛江,阳江,0.1070343072
太原,阳泉,0.34733670912
晋中,阳泉,0.2736850971599998
北京,阳泉,0.08342665632
石家庄,阳泉,0.0975071552399999
兰州,陇南,0.21642480072
天水,陇南,0.2157209236799999
武汉,随州,0.89157180492
襄阳,随州,0.2458215799199999
孝感,随州,0.2020282883999999
成都,雅安,1.27393239888
重庆,雅安,0.0850496241599998
眉山,雅安,0.10616776272
潍坊,青岛,1.9625623099200005
烟台,青岛,1.7086832712
济南,青岛,0.80252865072
北京,青岛,0.2473450343999998
威海,青岛,0.4220341703999998
临沂,青岛,1.2269024380800002
淄博,青岛,0.4155301684799998
日照,青岛,0.8442185471999999
上海,青岛,0.1144467143999999
济宁,青岛,0.46621408464
东营,青岛,0.13403382336
泰安,青岛,0.44951191056
滨州,青岛,0.20547258336
天津,青岛,0.08857883952
菏泽,青岛,0.5336238009600001
德州,青岛,0.3284152516799999
聊城,青岛,0.2641330296
枣庄,青岛,0.2024438184
连云港,青岛,0.16162320096
邯郸,青岛,0.0803103854399999
沈阳,鞍山,0.80781260472
大连,鞍山,0.43138327464
营口,鞍山,0.36821813976
辽阳,鞍山,0.43034965632
盘锦,鞍山,0.22754208312
丹东,鞍山,0.11533148064
锦州,鞍山,0.0987157692
广州,韶关,1.2440287249199995
佛山,韶关,0.42641138124
深圳,韶关,0.35249587776
东莞,韶关,0.35240754888
惠州,韶关,0.17930788236
清远,韶关,0.27639303732
中山,韶关,0.08024915592
郴州,韶关,0.2203581347999998
赣州,韶关,0.1329462914399999
南京,马鞍山,0.84799039968
合肥,马鞍山,0.6933654172800001
芜湖,马鞍山,0.5447456874
上海,马鞍山,0.13860551196
苏州,马鞍山,0.1178674254
滁州,马鞍山,0.142351506
宣城,马鞍山,0.09130481352
郑州,驻马店,1.415113335
信阳,驻马店,0.42152133672
漯河,驻马店,0.31490450352
北京,驻马店,0.16447763772
周口,驻马店,0.2588995126799999
南阳,驻马店,0.2490292512
武汉,驻马店,0.1130492019599999
平顶山,驻马店,0.12982185252
洛阳,驻马店,0.11044867104
许昌,驻马店,0.09831747924
阜阳,驻马店,0.11032026336
哈尔滨,鸡西,0.1854135716399999
牡丹江,鸡西,0.1170995453999999
郑州,鹤壁,0.4304837177999999
安阳,鹤壁,0.44869999896
新乡,鹤壁,0.1812026440799999
濮阳,鹤壁,0.08021954232
佳木斯,鹤岗,0.15104458476
哈尔滨,鹤岗,0.1092939868799998
南昌,鹰潭,0.2233848682799998
上饶,鹰潭,0.2527760228399999
抚州,鹰潭,0.1003213673999998
武汉,黄冈,3.80998010988
黄石,黄冈,0.36659623464
九江,黄冈,0.27898357608
深圳,黄冈,0.1628102170799999
鄂州,黄冈,0.20809981836
上海,黄冈,0.1146745187999999
杭州,黄冈,0.1093270186799999
东莞,黄冈,0.0932101084799999
孝感,黄冈,0.13797048492
南昌,黄冈,0.08011941012
武汉,黄石,1.18151861436
鄂州,黄石,0.4664754943199999
黄冈,黄石,0.36677544228
咸宁,黄石,0.1504439049599999
哈尔滨,黑河,0.21356085132
齐齐哈尔,黑河,0.14288411664
哈尔滨,齐齐哈尔,0.46885533912
大庆,齐齐哈尔,0.28743656112
呼伦贝尔,齐齐哈尔,0.2264852599199999
黑河,齐齐哈尔,0.1428792825599999
兴安盟,齐齐哈尔,0.10247768136
绥化,齐齐哈尔,0.09941673672
厦门,龙岩,1.90640080116
福州,龙岩,0.46523747088
泉州,龙岩,0.4086942155999998
漳州,龙岩,0.32080196448
三明,龙岩,0.17558056044
赣州,龙岩,0.09267860916
南昌,上饶,0.1748660561999999
景德镇,上饶,0.1464745193999999
鹰潭,上饶,0.0876266067599999
朔州,北京,0.0915325596
芜湖,宣城,0.1529463837599999
合肥,宣城,0.09772997328
